"","pdbFile","chain","contactsCDR1","contactsCDR2","contactsCDR3","NA"
"1","c109_ranked_0.pdb","TRA","2","0","1","0"
"2","c110_ranked_0.pdb","TRA","1","0","6","0"
"3","c140_ranked_0.pdb","TRA","0","0","2","0"
"4","c1662_ranked_0.pdb","TRA","2","0","5","0"
"5","c1826_ranked_0.pdb","TRA","1","0","4","0"
"6","c2062_ranked_0.pdb","TRA","3","0","2","0"
"7","c2073_ranked_0.pdb","TRA","2","0","2","0"
"8","c2312_ranked_0.pdb","TRA","0","0","4","0"
"9","c2353_ranked_0.pdb","TRA","0","0","5","0"
"10","c2356_ranked_0.pdb","TRA","0","0","2","0"
"11","c244_ranked_0.pdb","TRA","1","0","0","0"
"12","c262_ranked_0.pdb","TRA","0","0","2","0"
"13","c271_ranked_0.pdb","TRA","3","0","3","0"
"14","c29_ranked_0.pdb","TRA","0","0","5","0"
"15","c295_ranked_0.pdb","TRA","2","0","3","0"
"16","c300_ranked_0.pdb","TRA","0","0","1","0"
"17","c478_ranked_0.pdb","TRA","0","0","4","0"
"18","c5_ranked_0.pdb","TRA","0","0","5","0"
"19","c566_ranked_0.pdb","TRA","1","0","4","0"
"20","c578_ranked_0.pdb","TRA","3","0","5","0"
"21","c640_ranked_0.pdb","TRA","3","0","1","0"
"22","c667_ranked_0.pdb","TRA","0","0","2","0"
"23","c81_ranked_0.pdb","TRA","1","0","3","0"
"24","c839_ranked_0.pdb","TRA","0","0","3","0"
"25","c855_ranked_0.pdb","TRA","2","0","3","1"
"26","c896_ranked_0.pdb","TRA","1","0","2","0"
"27","c904_ranked_0.pdb","TRA","1","0","3","0"
"28","c971_ranked_0.pdb","TRA","1","0","3","0"
"29","c109_ranked_0.pdb","TRB","5","0","6","2"
"30","c110_ranked_0.pdb","TRB","0","1","5","1"
"31","c140_ranked_0.pdb","TRB","5","6","7","12"
"32","c1662_ranked_0.pdb","TRB","0","1","5","1"
"33","c1826_ranked_0.pdb","TRB","3","3","6","11"
"34","c2062_ranked_0.pdb","TRB","3","3","7","13"
"35","c2073_ranked_0.pdb","TRB","0","5","1","1"
"36","c2312_ranked_0.pdb","TRB","1","1","7","1"
"37","c2353_ranked_0.pdb","TRB","0","4","4","1"
"38","c2356_ranked_0.pdb","TRB","0","0","3","1"
"39","c244_ranked_0.pdb","TRB","6","4","6","2"
"40","c262_ranked_0.pdb","TRB","1","8","6","13"
"41","c271_ranked_0.pdb","TRB","1","2","6","2"
"42","c29_ranked_0.pdb","TRB","2","5","6","15"
"43","c295_ranked_0.pdb","TRB","0","1","5","1"
"44","c300_ranked_0.pdb","TRB","0","0","3","0"
"45","c478_ranked_0.pdb","TRB","1","0","2","1"
"46","c5_ranked_0.pdb","TRB","2","0","4","1"
"47","c566_ranked_0.pdb","TRB","2","6","2","15"
"48","c578_ranked_0.pdb","TRB","0","5","2","5"
"49","c640_ranked_0.pdb","TRB","1","6","5","11"
"50","c667_ranked_0.pdb","TRB","0","7","3","14"
"51","c81_ranked_0.pdb","TRB","2","6","2","15"
"52","c839_ranked_0.pdb","TRB","0","6","4","2"
"53","c855_ranked_0.pdb","TRB","3","2","4","1"
"54","c896_ranked_0.pdb","TRB","5","2","5","15"
"55","c904_ranked_0.pdb","TRB","5","0","4","12"
"56","c971_ranked_0.pdb","TRB","1","1","4","1"
