cloneID,junction_alpha,junction_beta,concentration,percent_proliferation,bg_subtracted_proliferation,broad_specificity,peptide_specificity,study_group,donors
Clone_2073,CAVKLQGGSEKLVF,CASKYNRGEQPQHF,1.00E-04,11.4,0,GAD,GAD65 105-124,T1D,20729
Clone_2073,CAVKLQGGSEKLVF,CASKYNRGEQPQHF,0.01,50.5,39.1,GAD,GAD65 105-124,T1D,20729
Clone_2073,CAVKLQGGSEKLVF,CASKYNRGEQPQHF,0.03,79.3,67.9,GAD,GAD65 105-124,T1D,20729
Clone_2073,CAVKLQGGSEKLVF,CASKYNRGEQPQHF,0.1,89.7,78.3,GAD,GAD65 105-124,T1D,20729
Clone_2073,CAVKLQGGSEKLVF,CASKYNRGEQPQHF,0.3,92,80.6,GAD,GAD65 105-124,T1D,20729
Clone_2073,CAVKLQGGSEKLVF,CASKYNRGEQPQHF,0.9,97.7,86.3,GAD,GAD65 105-124,T1D,20729
Clone_2073,CAVKLQGGSEKLVF,CASKYNRGEQPQHF,2.7,96.6,85.2,GAD,GAD65 105-124,T1D,20729
Clone_2073,CAVKLQGGSEKLVF,CASKYNRGEQPQHF,8.1,91.3,79.9,GAD,GAD65 105-124,T1D,20729
Clone_667,CAERLYGNNRLAF,CASTLLWGGDSYEQYF,1.00E-04,23,0,GAD,GAD65 113-132,T1D,T1D10396
Clone_667,CAERLYGNNRLAF,CASTLLWGGDSYEQYF,0.01,27.2,4.2,GAD,GAD65 113-132,T1D,T1D10396
Clone_667,CAERLYGNNRLAF,CASTLLWGGDSYEQYF,0.03,27.1,4.1,GAD,GAD65 113-132,T1D,T1D10396
Clone_667,CAERLYGNNRLAF,CASTLLWGGDSYEQYF,0.1,32,9,GAD,GAD65 113-132,T1D,T1D10396
Clone_667,CAERLYGNNRLAF,CASTLLWGGDSYEQYF,0.3,32.9,9.9,GAD,GAD65 113-132,T1D,T1D10396
Clone_667,CAERLYGNNRLAF,CASTLLWGGDSYEQYF,0.9,51.5,28.5,GAD,GAD65 113-132,T1D,T1D10396
Clone_667,CAERLYGNNRLAF,CASTLLWGGDSYEQYF,2.7,81.7,58.7,GAD,GAD65 113-132,T1D,T1D10396
Clone_667,CAERLYGNNRLAF,CASTLLWGGDSYEQYF,8.1,86.8,63.8,GAD,GAD65 113-132,T1D,T1D10396
Clone_640,CAAAGNQFYF,CASSFTYNEQFF,1.00E-04,19.5,0,GAD,GAD65 113-132,T1D,26886:10573:10010
Clone_640,CAAAGNQFYF,CASSFTYNEQFF,0.01,15.4,-4.1,GAD,GAD65 113-132,T1D,26886:10573:10010
Clone_640,CAAAGNQFYF,CASSFTYNEQFF,0.03,15.9,-3.6,GAD,GAD65 113-132,T1D,26886:10573:10010
Clone_640,CAAAGNQFYF,CASSFTYNEQFF,0.1,18.4,-1.1,GAD,GAD65 113-132,T1D,26886:10573:10010
Clone_640,CAAAGNQFYF,CASSFTYNEQFF,0.3,22.2,2.7,GAD,GAD65 113-132,T1D,26886:10573:10010
Clone_640,CAAAGNQFYF,CASSFTYNEQFF,0.9,46.8,27.3,GAD,GAD65 113-132,T1D,26886:10573:10010
Clone_640,CAAAGNQFYF,CASSFTYNEQFF,2.7,48,28.5,GAD,GAD65 113-132,T1D,26886:10573:10010
Clone_640,CAAAGNQFYF,CASSFTYNEQFF,8.1,61.9,42.4,GAD,GAD65 113-132,T1D,26886:10573:10010
Clone_271,CAVQAGNAGNMLTF,CASSLGVTGELFF,1.00E-04,18,0,GAD,GAD65 113-132,T1D,10256:T1D6
Clone_271,CAVQAGNAGNMLTF,CASSLGVTGELFF,0.01,21.1,3.1,GAD,GAD65 113-132,T1D,10256:T1D6
Clone_271,CAVQAGNAGNMLTF,CASSLGVTGELFF,0.03,23.8,5.8,GAD,GAD65 113-132,T1D,10256:T1D6
Clone_271,CAVQAGNAGNMLTF,CASSLGVTGELFF,0.1,31.2,13.2,GAD,GAD65 113-132,T1D,10256:T1D6
Clone_271,CAVQAGNAGNMLTF,CASSLGVTGELFF,0.3,47.2,29.2,GAD,GAD65 113-132,T1D,10256:T1D6
Clone_271,CAVQAGNAGNMLTF,CASSLGVTGELFF,0.9,53.6,35.6,GAD,GAD65 113-132,T1D,10256:T1D6
Clone_271,CAVQAGNAGNMLTF,CASSLGVTGELFF,2.7,67.8,49.8,GAD,GAD65 113-132,T1D,10256:T1D6
Clone_271,CAVQAGNAGNMLTF,CASSLGVTGELFF,8.1,80.8,62.8,GAD,GAD65 113-132,T1D,10256:T1D6
Clone_262,CAMEGGRYNTPLVF,CASSVNRGHNTEAFF,1.00E-04,20.2,0,GAD,GAD65 113-132,T1D,T1D6
Clone_262,CAMEGGRYNTPLVF,CASSVNRGHNTEAFF,0.01,25,4.8,GAD,GAD65 113-132,T1D,T1D6
Clone_262,CAMEGGRYNTPLVF,CASSVNRGHNTEAFF,0.03,27.5,7.3,GAD,GAD65 113-132,T1D,T1D6
Clone_262,CAMEGGRYNTPLVF,CASSVNRGHNTEAFF,0.1,29.2,9,GAD,GAD65 113-132,T1D,T1D6
Clone_262,CAMEGGRYNTPLVF,CASSVNRGHNTEAFF,0.3,47.1,26.9,GAD,GAD65 113-132,T1D,T1D6
Clone_262,CAMEGGRYNTPLVF,CASSVNRGHNTEAFF,0.9,80,59.8,GAD,GAD65 113-132,T1D,T1D6
Clone_262,CAMEGGRYNTPLVF,CASSVNRGHNTEAFF,2.7,84.6,64.4,GAD,GAD65 113-132,T1D,T1D6
Clone_262,CAMEGGRYNTPLVF,CASSVNRGHNTEAFF,8.1,88.4,68.2,GAD,GAD65 113-132,T1D,T1D6
Clone_904,CALSDYSGTSYGKLTF,CASSLIPYNEQFF,1.00E-04,22.3,0,GAD,GAD65 113-132,HC,HC12
Clone_904,CALSDYSGTSYGKLTF,CASSLIPYNEQFF,0.01,22.9,0.6,GAD,GAD65 113-132,HC,HC12
Clone_904,CALSDYSGTSYGKLTF,CASSLIPYNEQFF,0.03,22.1,-0.2,GAD,GAD65 113-132,HC,HC12
Clone_904,CALSDYSGTSYGKLTF,CASSLIPYNEQFF,0.1,21.6,-0.7,GAD,GAD65 113-132,HC,HC12
Clone_904,CALSDYSGTSYGKLTF,CASSLIPYNEQFF,0.3,27.3,5,GAD,GAD65 113-132,HC,HC12
Clone_904,CALSDYSGTSYGKLTF,CASSLIPYNEQFF,0.9,31.4,9.1,GAD,GAD65 113-132,HC,HC12
Clone_904,CALSDYSGTSYGKLTF,CASSLIPYNEQFF,2.7,53.7,31.4,GAD,GAD65 113-132,HC,HC12
Clone_904,CALSDYSGTSYGKLTF,CASSLIPYNEQFF,8.1,73.3,51,GAD,GAD65 113-132,HC,HC12
Clone_478,CAVRDMRGAGSYQLTF,CASSLGTGTGVYEQYF,1.00E-04,12.9,0,GAD,GAD65 265-284,T1D,10059
Clone_478,CAVRDMRGAGSYQLTF,CASSLGTGTGVYEQYF,0.01,15.6,2.7,GAD,GAD65 265-284,T1D,10059
Clone_478,CAVRDMRGAGSYQLTF,CASSLGTGTGVYEQYF,0.03,26.1,13.2,GAD,GAD65 265-284,T1D,10059
Clone_478,CAVRDMRGAGSYQLTF,CASSLGTGTGVYEQYF,0.1,68.4,55.5,GAD,GAD65 265-284,T1D,10059
Clone_478,CAVRDMRGAGSYQLTF,CASSLGTGTGVYEQYF,0.3,83.7,70.8,GAD,GAD65 265-284,T1D,10059
Clone_478,CAVRDMRGAGSYQLTF,CASSLGTGTGVYEQYF,0.9,90.3,77.4,GAD,GAD65 265-284,T1D,10059
Clone_478,CAVRDMRGAGSYQLTF,CASSLGTGTGVYEQYF,2.7,93.7,80.8,GAD,GAD65 265-284,T1D,10059
Clone_478,CAVRDMRGAGSYQLTF,CASSLGTGTGVYEQYF,8.1,82,69.1,GAD,GAD65 265-284,T1D,10059
Clone_2312,CAMREMNQAGTALIF,CASTKGGTHQPQHF,1.00E-04,13.7,0,GAD,GAD65 353-372,HC,HC3
Clone_2312,CAMREMNQAGTALIF,CASTKGGTHQPQHF,0.01,17.9,4.2,GAD,GAD65 353-372,HC,HC3
Clone_2312,CAMREMNQAGTALIF,CASTKGGTHQPQHF,0.03,17.4,3.7,GAD,GAD65 353-372,HC,HC3
Clone_2312,CAMREMNQAGTALIF,CASTKGGTHQPQHF,0.1,23.8,10.1,GAD,GAD65 353-372,HC,HC3
Clone_2312,CAMREMNQAGTALIF,CASTKGGTHQPQHF,0.3,33.1,19.4,GAD,GAD65 353-372,HC,HC3
Clone_2312,CAMREMNQAGTALIF,CASTKGGTHQPQHF,0.9,80.9,67.2,GAD,GAD65 353-372,HC,HC3
Clone_2312,CAMREMNQAGTALIF,CASTKGGTHQPQHF,2.7,94.4,80.7,GAD,GAD65 353-372,HC,HC3
Clone_2312,CAMREMNQAGTALIF,CASTKGGTHQPQHF,8.1,93,79.3,GAD,GAD65 353-372,HC,HC3
Clone_109,CAATTDKLIF,CASSLAYGTHRYNEQFF,1.00E-04,8.33,0,GAD,GAD65 377-396,T1D,T1D8
Clone_109,CAATTDKLIF,CASSLAYGTHRYNEQFF,0.01,12.3,3.97,GAD,GAD65 377-396,T1D,T1D8
Clone_109,CAATTDKLIF,CASSLAYGTHRYNEQFF,0.03,14,5.67,GAD,GAD65 377-396,T1D,T1D8
Clone_109,CAATTDKLIF,CASSLAYGTHRYNEQFF,0.1,15.4,7.07,GAD,GAD65 377-396,T1D,T1D8
Clone_109,CAATTDKLIF,CASSLAYGTHRYNEQFF,0.3,21.6,13.27,GAD,GAD65 377-396,T1D,T1D8
Clone_109,CAATTDKLIF,CASSLAYGTHRYNEQFF,0.9,40.1,31.77,GAD,GAD65 377-396,T1D,T1D8
Clone_109,CAATTDKLIF,CASSLAYGTHRYNEQFF,2.7,48.6,40.27,GAD,GAD65 377-396,T1D,T1D8
Clone_109,CAATTDKLIF,CASSLAYGTHRYNEQFF,8.1,41.6,33.27,GAD,GAD65 377-396,T1D,T1D8
Clone_578,CAVGAGYGGATNKLIF,CASSFRGGGNPYEQYF,1.00E-04,10.1,0,GAD,GAD65 553-572,T1D,T1D10507
Clone_578,CAVGAGYGGATNKLIF,CASSFRGGGNPYEQYF,0.01,13.5,3.4,GAD,GAD65 553-572,T1D,T1D10507
Clone_578,CAVGAGYGGATNKLIF,CASSFRGGGNPYEQYF,0.03,16.5,6.4,GAD,GAD65 553-572,T1D,T1D10507
Clone_578,CAVGAGYGGATNKLIF,CASSFRGGGNPYEQYF,0.1,18.5,8.4,GAD,GAD65 553-572,T1D,T1D10507
Clone_578,CAVGAGYGGATNKLIF,CASSFRGGGNPYEQYF,0.3,22.3,12.2,GAD,GAD65 553-572,T1D,T1D10507
Clone_578,CAVGAGYGGATNKLIF,CASSFRGGGNPYEQYF,0.9,24.3,14.2,GAD,GAD65 553-572,T1D,T1D10507
Clone_578,CAVGAGYGGATNKLIF,CASSFRGGGNPYEQYF,2.7,20.8,10.7,GAD,GAD65 553-572,T1D,T1D10507
Clone_578,CAVGAGYGGATNKLIF,CASSFRGGGNPYEQYF,8.1,15.7,5.6,GAD,GAD65 553-572,T1D,T1D10507
Clone_855,CVVSVGTNAGKSTF,CASSFSGELFF,1.00E-04,15,0,IGRP,IGRP 241-260,HC,HC7
Clone_855,CVVSVGTNAGKSTF,CASSFSGELFF,0.01,55.7,40.7,IGRP,IGRP 241-260,HC,HC7
Clone_855,CVVSVGTNAGKSTF,CASSFSGELFF,0.03,77.2,62.2,IGRP,IGRP 241-260,HC,HC7
Clone_855,CVVSVGTNAGKSTF,CASSFSGELFF,0.1,82.2,67.2,IGRP,IGRP 241-260,HC,HC7
Clone_855,CVVSVGTNAGKSTF,CASSFSGELFF,0.3,88.4,73.4,IGRP,IGRP 241-260,HC,HC7
Clone_855,CVVSVGTNAGKSTF,CASSFSGELFF,0.9,89.7,74.7,IGRP,IGRP 241-260,HC,HC7
Clone_855,CVVSVGTNAGKSTF,CASSFSGELFF,2.7,88.2,73.2,IGRP,IGRP 241-260,HC,HC7
Clone_855,CVVSVGTNAGKSTF,CASSFSGELFF,8.1,64.4,49.4,IGRP,IGRP 241-260,HC,HC7
Clone_971,CAVEDLNQAGTALIF,CASSLALGQGNQQFF,1.00E-04,18.1,0,IGRP,IGRP 241-260,T1D,T1D4
Clone_971,CAVEDLNQAGTALIF,CASSLALGQGNQQFF,0.01,22,3.9,IGRP,IGRP 241-260,T1D,T1D4
Clone_971,CAVEDLNQAGTALIF,CASSLALGQGNQQFF,0.03,21.5,3.4,IGRP,IGRP 241-260,T1D,T1D4
Clone_971,CAVEDLNQAGTALIF,CASSLALGQGNQQFF,0.1,33.3,15.2,IGRP,IGRP 241-260,T1D,T1D4
Clone_971,CAVEDLNQAGTALIF,CASSLALGQGNQQFF,0.3,36.5,18.4,IGRP,IGRP 241-260,T1D,T1D4
Clone_971,CAVEDLNQAGTALIF,CASSLALGQGNQQFF,0.9,44.2,26.1,IGRP,IGRP 241-260,T1D,T1D4
Clone_971,CAVEDLNQAGTALIF,CASSLALGQGNQQFF,2.7,59.7,41.6,IGRP,IGRP 241-260,T1D,T1D4
Clone_971,CAVEDLNQAGTALIF,CASSLALGQGNQQFF,8.1,47,28.9,IGRP,IGRP 241-260,T1D,T1D4
Clone_896,CAVNPNQAGTALIF,CASAPQEAQPQHF,1.00E-04,18.5,0,IGRP,IGRP 241-260,HC,HC12
Clone_896,CAVNPNQAGTALIF,CASAPQEAQPQHF,0.01,18.6,0.1,IGRP,IGRP 241-260,HC,HC12
Clone_896,CAVNPNQAGTALIF,CASAPQEAQPQHF,0.03,18.8,0.3,IGRP,IGRP 241-260,HC,HC12
Clone_896,CAVNPNQAGTALIF,CASAPQEAQPQHF,0.1,24.7,6.2,IGRP,IGRP 241-260,HC,HC12
Clone_896,CAVNPNQAGTALIF,CASAPQEAQPQHF,0.3,26.1,7.6,IGRP,IGRP 241-260,HC,HC12
Clone_896,CAVNPNQAGTALIF,CASAPQEAQPQHF,0.9,27,8.5,IGRP,IGRP 241-260,HC,HC12
Clone_896,CAVNPNQAGTALIF,CASAPQEAQPQHF,2.7,29,10.5,IGRP,IGRP 241-260,HC,HC12
Clone_896,CAVNPNQAGTALIF,CASAPQEAQPQHF,8.1,43,24.5,IGRP,IGRP 241-260,HC,HC12
Clone_5,CAVRDSFSGGYQKVTF,CASSPLAGAWSYEQYF,1.00E-04,9.03,0,IGRP,IGRP 305-324,HC,HC5
Clone_5,CAVRDSFSGGYQKVTF,CASSPLAGAWSYEQYF,0.01,12.4,3.37,IGRP,IGRP 305-324,HC,HC5
Clone_5,CAVRDSFSGGYQKVTF,CASSPLAGAWSYEQYF,0.03,15.7,6.67,IGRP,IGRP 305-324,HC,HC5
Clone_5,CAVRDSFSGGYQKVTF,CASSPLAGAWSYEQYF,0.1,61.8,52.77,IGRP,IGRP 305-324,HC,HC5
Clone_5,CAVRDSFSGGYQKVTF,CASSPLAGAWSYEQYF,0.3,77.3,68.27,IGRP,IGRP 305-324,HC,HC5
Clone_5,CAVRDSFSGGYQKVTF,CASSPLAGAWSYEQYF,0.9,82.2,73.17,IGRP,IGRP 305-324,HC,HC5
Clone_5,CAVRDSFSGGYQKVTF,CASSPLAGAWSYEQYF,2.7,91.3,82.27,IGRP,IGRP 305-324,HC,HC5
Clone_5,CAVRDSFSGGYQKVTF,CASSPLAGAWSYEQYF,8.1,91.5,82.47,IGRP,IGRP 305-324,HC,HC5
Clone_300,CATDSSSGSARQLTF,CASSLVGGRVDWREQYF,1.00E-04,12.5,0,IGRP,IGRP 305-324,T1D,T1D6
Clone_300,CATDSSSGSARQLTF,CASSLVGGRVDWREQYF,0.01,82.5,70,IGRP,IGRP 305-324,T1D,T1D6
Clone_300,CATDSSSGSARQLTF,CASSLVGGRVDWREQYF,0.03,93.2,80.7,IGRP,IGRP 305-324,T1D,T1D6
Clone_300,CATDSSSGSARQLTF,CASSLVGGRVDWREQYF,0.1,96.4,83.9,IGRP,IGRP 305-324,T1D,T1D6
Clone_300,CATDSSSGSARQLTF,CASSLVGGRVDWREQYF,0.3,97.1,84.6,IGRP,IGRP 305-324,T1D,T1D6
Clone_300,CATDSSSGSARQLTF,CASSLVGGRVDWREQYF,0.9,97,84.5,IGRP,IGRP 305-324,T1D,T1D6
Clone_300,CATDSSSGSARQLTF,CASSLVGGRVDWREQYF,2.7,97.7,85.2,IGRP,IGRP 305-324,T1D,T1D6
Clone_300,CATDSSSGSARQLTF,CASSLVGGRVDWREQYF,8.1,96.9,84.4,IGRP,IGRP 305-324,T1D,T1D6
Clone_29,CAATRTSGTYKYIF,CASSPWGAGGTDTQYF,1.00E-04,21.2,0,IGRP,IGRP 305-324,T1D,T1D2
Clone_29,CAATRTSGTYKYIF,CASSPWGAGGTDTQYF,0.01,24.8,3.6,IGRP,IGRP 305-324,T1D,T1D2
Clone_29,CAATRTSGTYKYIF,CASSPWGAGGTDTQYF,0.03,20.6,-0.6,IGRP,IGRP 305-324,T1D,T1D2
Clone_29,CAATRTSGTYKYIF,CASSPWGAGGTDTQYF,0.1,20.8,-0.4,IGRP,IGRP 305-324,T1D,T1D2
Clone_29,CAATRTSGTYKYIF,CASSPWGAGGTDTQYF,0.3,22.8,1.6,IGRP,IGRP 305-324,T1D,T1D2
Clone_29,CAATRTSGTYKYIF,CASSPWGAGGTDTQYF,0.9,37.7,16.5,IGRP,IGRP 305-324,T1D,T1D2
Clone_29,CAATRTSGTYKYIF,CASSPWGAGGTDTQYF,2.7,64.9,43.7,IGRP,IGRP 305-324,T1D,T1D2
Clone_29,CAATRTSGTYKYIF,CASSPWGAGGTDTQYF,8.1,54.1,32.9,IGRP,IGRP 305-324,T1D,T1D2
Clone_2356,CAGQTGANNLFF,CASSQEVGTVPNQPQHF,1.00E-04,6.46,0,IGRP,IGRP 305-324,T1D,T1D5-1
Clone_2356,CAGQTGANNLFF,CASSQEVGTVPNQPQHF,0.01,8.2,1.74,IGRP,IGRP 305-324,T1D,T1D5-1
Clone_2356,CAGQTGANNLFF,CASSQEVGTVPNQPQHF,0.03,10.6,4.14,IGRP,IGRP 305-324,T1D,T1D5-1
Clone_2356,CAGQTGANNLFF,CASSQEVGTVPNQPQHF,0.1,10.8,4.34,IGRP,IGRP 305-324,T1D,T1D5-1
Clone_2356,CAGQTGANNLFF,CASSQEVGTVPNQPQHF,0.3,17.3,10.84,IGRP,IGRP 305-324,T1D,T1D5-1
Clone_2356,CAGQTGANNLFF,CASSQEVGTVPNQPQHF,0.9,32.1,25.64,IGRP,IGRP 305-324,T1D,T1D5-1
Clone_2356,CAGQTGANNLFF,CASSQEVGTVPNQPQHF,2.7,46.8,40.34,IGRP,IGRP 305-324,T1D,T1D5-1
Clone_2356,CAGQTGANNLFF,CASSQEVGTVPNQPQHF,8.1,61.8,55.34,IGRP,IGRP 305-324,T1D,T1D5-1
Clone_2353,CILRDTISNFGNEKLTF,CASSFGSSYYGYTF,1.00E-04,8.85,0,IGRP,IGRP 305-324,T1D,T1D5-2
Clone_2353,CILRDTISNFGNEKLTF,CASSFGSSYYGYTF,0.01,17.1,8.25,IGRP,IGRP 305-324,T1D,T1D5-2
Clone_2353,CILRDTISNFGNEKLTF,CASSFGSSYYGYTF,0.03,25.3,16.45,IGRP,IGRP 305-324,T1D,T1D5-2
Clone_2353,CILRDTISNFGNEKLTF,CASSFGSSYYGYTF,0.1,25.6,16.75,IGRP,IGRP 305-324,T1D,T1D5-2
Clone_2353,CILRDTISNFGNEKLTF,CASSFGSSYYGYTF,0.3,26,17.15,IGRP,IGRP 305-324,T1D,T1D5-2
Clone_2353,CILRDTISNFGNEKLTF,CASSFGSSYYGYTF,0.9,40.1,31.25,IGRP,IGRP 305-324,T1D,T1D5-2
Clone_2353,CILRDTISNFGNEKLTF,CASSFGSSYYGYTF,2.7,47.6,38.75,IGRP,IGRP 305-324,T1D,T1D5-2
Clone_2353,CILRDTISNFGNEKLTF,CASSFGSSYYGYTF,8.1,34,25.15,IGRP,IGRP 305-324,T1D,T1D5-2
Clone_1662,CAASGANSGYALNF,CAWSAQGETQYF,1.00E-04,8.2,0,ZNP,ZNT8 1-20,T1D,20786
Clone_1662,CAASGANSGYALNF,CAWSAQGETQYF,0.01,53.4,45.2,ZNP,ZNT8 1-20,T1D,20786
Clone_1662,CAASGANSGYALNF,CAWSAQGETQYF,0.03,67.5,59.3,ZNP,ZNT8 1-20,T1D,20786
Clone_1662,CAASGANSGYALNF,CAWSAQGETQYF,0.1,69.1,60.9,ZNP,ZNT8 1-20,T1D,20786
Clone_1662,CAASGANSGYALNF,CAWSAQGETQYF,0.3,75.1,66.9,ZNP,ZNT8 1-20,T1D,20786
Clone_1662,CAASGANSGYALNF,CAWSAQGETQYF,0.9,79.1,70.9,ZNP,ZNT8 1-20,T1D,20786
Clone_1662,CAASGANSGYALNF,CAWSAQGETQYF,2.7,70,61.8,ZNP,ZNT8 1-20,T1D,20786
Clone_1662,CAASGANSGYALNF,CAWSAQGETQYF,8.1,59.9,51.7,ZNP,ZNT8 1-20,T1D,20786
Clone_1826,CAENRSDYKLSF,CASSSQGQGKETQYF,1.00E-04,16.3,0,ZNP,ZNT8 1-20,T1D,27007
Clone_1826,CAENRSDYKLSF,CASSSQGQGKETQYF,0.01,92.5,76.2,ZNP,ZNT8 1-20,T1D,27007
Clone_1826,CAENRSDYKLSF,CASSSQGQGKETQYF,0.03,96.17,79.87,ZNP,ZNT8 1-20,T1D,27007
Clone_1826,CAENRSDYKLSF,CASSSQGQGKETQYF,0.1,98.5,82.2,ZNP,ZNT8 1-20,T1D,27007
Clone_1826,CAENRSDYKLSF,CASSSQGQGKETQYF,0.3,98.6,82.3,ZNP,ZNT8 1-20,T1D,27007
Clone_1826,CAENRSDYKLSF,CASSSQGQGKETQYF,0.9,98.9,82.6,ZNP,ZNT8 1-20,T1D,27007
Clone_1826,CAENRSDYKLSF,CASSSQGQGKETQYF,2.7,97,80.7,ZNP,ZNT8 1-20,T1D,27007
Clone_1826,CAENRSDYKLSF,CASSSQGQGKETQYF,8.1,84.6,68.3,ZNP,ZNT8 1-20,T1D,27007
Clone_295,CAESTSGSARQLTF,CAWMGGYNEQFF,1.00E-04,12.1,0,ZNP,ZNT8 266-285,T1D,T1D6
Clone_295,CAESTSGSARQLTF,CAWMGGYNEQFF,0.01,81,68.9,ZNP,ZNT8 266-285,T1D,T1D6
Clone_295,CAESTSGSARQLTF,CAWMGGYNEQFF,0.03,90.9,78.8,ZNP,ZNT8 266-285,T1D,T1D6
Clone_295,CAESTSGSARQLTF,CAWMGGYNEQFF,0.1,96.7,84.6,ZNP,ZNT8 266-285,T1D,T1D6
Clone_295,CAESTSGSARQLTF,CAWMGGYNEQFF,0.3,97.8,85.7,ZNP,ZNT8 266-285,T1D,T1D6
Clone_295,CAESTSGSARQLTF,CAWMGGYNEQFF,0.9,97.3,85.2,ZNP,ZNT8 266-285,T1D,T1D6
Clone_295,CAESTSGSARQLTF,CAWMGGYNEQFF,2.7,96.9,84.8,ZNP,ZNT8 266-285,T1D,T1D6
Clone_295,CAESTSGSARQLTF,CAWMGGYNEQFF,8.1,70.9,58.8,ZNP,ZNT8 266-285,T1D,T1D6
Clone_110,CAASIGGGGSYIPTF,CASSLAGTDTQYF,1.00E-04,19,0,ZNP,ZNT8 266-285,T1D,T1D8
Clone_110,CAASIGGGGSYIPTF,CASSLAGTDTQYF,0.01,37,18,ZNP,ZNT8 266-285,T1D,T1D8
Clone_110,CAASIGGGGSYIPTF,CASSLAGTDTQYF,0.03,39,20,ZNP,ZNT8 266-285,T1D,T1D8
Clone_110,CAASIGGGGSYIPTF,CASSLAGTDTQYF,0.1,40,21,ZNP,ZNT8 266-285,T1D,T1D8
Clone_110,CAASIGGGGSYIPTF,CASSLAGTDTQYF,0.3,47.2,28.2,ZNP,ZNT8 266-285,T1D,T1D8
Clone_110,CAASIGGGGSYIPTF,CASSLAGTDTQYF,0.9,42,23,ZNP,ZNT8 266-285,T1D,T1D8
Clone_110,CAASIGGGGSYIPTF,CASSLAGTDTQYF,2.7,24.5,5.5,ZNP,ZNT8 266-285,T1D,T1D8
Clone_110,CAASIGGGGSYIPTF,CASSLAGTDTQYF,8.1,24,5,ZNP,ZNT8 266-285,T1D,T1D8
NA,NA,NA,1.00E-04,4.65,0,HA,HA,HA,NA
NA,NA,NA,0.01,95.2,90.55,HA,HA,HA,NA
NA,NA,NA,0.03,91.6,86.95,HA,HA,HA,NA
NA,NA,NA,0.1,93.7,89.05,HA,HA,HA,NA
NA,NA,NA,0.3,92.6,87.95,HA,HA,HA,NA
NA,NA,NA,0.9,90,85.35,HA,HA,HA,NA
NA,NA,NA,2.7,88.4,83.75,HA,HA,HA,NA
NA,NA,NA,8.1,35,30.35,HA,HA,HA,NA
Clone_2062,CAVQAGNAGNMLTF,CASASGVVGELFF,1.00E-04,20.9,0,GAD,GAD65 113-132,T1D,20729
Clone_2062,CAVQAGNAGNMLTF,CASASGVVGELFF,0.01,21.2,0.3,GAD,GAD65 113-132,T1D,20729
Clone_2062,CAVQAGNAGNMLTF,CASASGVVGELFF,0.03,26.6,5.7,GAD,GAD65 113-132,T1D,20729
Clone_2062,CAVQAGNAGNMLTF,CASASGVVGELFF,0.1,36.2,15.3,GAD,GAD65 113-132,T1D,20729
Clone_2062,CAVQAGNAGNMLTF,CASASGVVGELFF,0.3,46.8,25.9,GAD,GAD65 113-132,T1D,20729
Clone_2062,CAVQAGNAGNMLTF,CASASGVVGELFF,0.9,73.8,52.9,GAD,GAD65 113-132,T1D,20729
Clone_2062,CAVQAGNAGNMLTF,CASASGVVGELFF,2.7,77,56.1,GAD,GAD65 113-132,T1D,20729
Clone_2062,CAVQAGNAGNMLTF,CASASGVVGELFF,8.1,88.2,67.3,GAD,GAD65 113-132,T1D,20729