project,pid,group,binding_summary,full_nt_sequence_beta,full_nt_sequence_alpha,junction_beta,junction_alpha,v_gene_beta,v_gene_alpha,j_gene_beta,j_gene_alpha,libid_beta,libid_alpha,primary_specificity,secondary_specificity,binding_strength,broad_specificity,binding_group
P168-3,10059,T1D,GADp34 also GADp35,AATGCTGGTGTCACTCAGACCCCAAAATTCCAGGTCCTGAAGACAGGACAGAGCATGACACTGCAGTGTGCCCAGGATATGAACCATGAATACATGTCCTGGTATCGACAAGACCCAGGCATGGGGCTGAGGCTGATTCATTACTCAGTTGGTGCTGGTATCACTGACCAAGGAGAAGTCCCCAATGGCTACAATGTCTCCAGATCAACCACAGAGGATTTCCCGCTCAGGCTGCTGTCGGCTGCTCCCTCCCAGACATCTGTGTACTTCTGTGCCAGCAGTCTAGGAACCGGGACAGGGGTATACGAGCAGTACTTCGGGCCGGGCACCAGGCTCACGGTCACAG,GCTCAGTCAGTGGCTCAGCCGGAAGATCAGGTCAACGTTGCTGAAGGGAATCCTCTGACTGTGAAATGCACCTATTCAGTCTCTGGAAACCCTTATCTTTTTTGGTATGTTCAATACCCCAACCGAGGCCTCCAGTTCCTTCTGAAATACATCACAGGGGATAACCTGGTTAAAGGCAGCTATGGCTTTGAAGCTGAATTTAACAAGAGCCAAACCTCCTTCCACCTGAAGAAACCATCTGCCCTTGTGAGCGACTCCGCTTTGTACTTCTGTGCTGTGAGAGACATGAGGGGGGCTGGGAGTTACCAACTCACTTTCGGGAAGGGGACCAAACTCTCGGTCATACCAA-2,CASSLGTGTGVYEQYF,CAVRDMRGAGSYQLTF,TRBV6-5,TRAV3,TRBJ2-7,TRAJ28,lib20755,lib20755,GADp34, GADp35,strong,GAD,T1D_strong
P168-9:P91-34,10256:T1D6,T1D,GADp15 also GADp14,TGTGCCAGCAGCCTAGGGGTTACCGGGGAGCTGTTTTTT,TGTGCTGTGCAGGCGGGTAATGCAGGCAACATGCTCACCTTT-2:GAAGACCAGGTGACGCAGAGTCCCGAGGCCCTGAGACTCCAGGAGGGAGAGAGTAGCAGTCTCAACTGCAGTTACACAGTCAGCGGTTTAAGAGGGCTGTTCTGGTATAGGCAAGATCCTGGGAAAGGCCCTGAATTCCTCTTCACCCTGTATTCAGCTGGGGAAGAAAAGGAGAAAGAAAGGCTAAAAGCCACATTAACAAAGAAGGAAAGCTTTCTGCACATCACAGCCCCTAAACCTGAAGACTCAGCCACTTATCTCTGTGCTGTGCAGGCGGGGAATGCAGGCAACATGCTCACCTTTGGAGGGGGAACAAGGTTAATGGTCAAACCCC-1:GAAGACCAGGTGACGCAGAGTCCCGAGGCCCTGAGACTCCAGGAGGGAGAGAGTAGCAGTCTCAACTGCAGTTACACAGTCAGCGGTTTAAGAGGGCTGTTCTGGTATAGGCAAGATCCTGGGAAAGGCCCTGAATTCCTCTTCACCCTGTATTCAGCTGGGGAAGAAAAGGAGAAAGAAAGGCTAAAAGCCACATTAACAAAGAAGGAAAGCTTTCTGCACATCACAGCCCCTAAACCTGAAGACTCAGCCACTTATCTCTGTGCTGTGCAGGCGGGGAATGCAGGCAACATGCTCACCTTTGGAGGGGGAACAAGGTTAATGGCCAAACCCC-1,CASSLGVTGELFF,CAVQAGNAGNMLTF,TRBV7-6,TRAV20,TRBJ2-2,TRAJ39,lib17812,lib17812,GADp15, GADp14,strong/moderate,GAD,T1D_strong/moderate
P168-3:P168-4,T1D10059,T1D,no binder,GATTCTGGAGTCACACAAACCCCAAAGCACCTGATCACAGCAACTGGACAGCGAGTGACGCTGAGATGCTCCCCTAGGTCTGGAGACCTCTCTGTGTACTGGTACCAACAGAGCCTGGACCAGGGCCTCCAGTTCCTCATTCAGTATTATAATGGAGAAGAGAGAGCAAAAGGAAACATTCTTGAACGATTCTCCGCACAACAGTTCCCTGACTTGCACTCTGAACTAAACCTGAGCTCTCTGGAGCTGGGGGACTCAGCTTTGTATTTCTGTGCCAGCAGCGACCTTCCGGGACTTGACACTGAAGCTTTCTTTGGACAAGGCACCAGACTCACAGTTGTAG,CTTGCTAAGACCACCCAGCCCATCTCCATGGACTCATATGAAGGACAAGAAGTGAACATAACCTGTAGCCACAACAACATTGCTACAAATGATTATATCACGTGGTACCAACAGTTTCCCAGCCAAGGACCACGATTTATTATTCAAGGATACAAGACAAAAGTTACAAACGAAGTGGCCTCCCTGTTTATCCCTGCCGACAGAAAGTCCAGCACTCTGAGCCTGCCCCGGGTTTCCCTGAGCGACACTGCTGTGTACTACTGCCTCGTGGTCGTTTATAACCAGGGAGGAAAGCTTATCTTCGGACAGGGAACGGAGTTATCTGTGAAACCCA-13,CASSDLPGLDTEAFF,CLVVVYNQGGKLIF3,TRBV9,TRAV4,TRBJ1-1,TRAJ23,consensus:lib20737:lib20744:lib20754:lib20767:lib20772:lib20775:lib20777:lib20781:lib20782:lib20785:lib20787:lib20796:lib20800:lib20809,consensus:lib20737:lib20744:lib20754:lib20767:lib20772:lib20775:lib20777:lib20782:lib20785:lib20787:lib20796:lib20800:lib20809,none,NA,na,none,T1D_na
P168-11,T1D10507,T1D,no binder,AAGGCTGGAGTCACTCAAACTCCAAGATATCTGATCAAAACGAGAGGACAGCAAGTGACACTGAGCTGCTCCCCTATCTCTGGGCATAGGAGTGTATCCTGGTACCAACAGACCCCAGGACAGGGCCTTCAGTTCCTCTTTGAATACTTCAGTGAGACACAGAGAAACAAAGGAAACTTCCCTGGTCGATTCTCAGGGCGCCAGTTCTCTAACTCTCGCTCTGAGATGAATGTGAGCACCTTGGAGCTGGGGGACTCGGCCCTTTATCTTTGCGCCAGCAGCTTGGGGTTTATTGGGGAGGATGGCTACACCTTCGGTTCGGGGACCAGGTTAACCGTTGTAG,AGTCAACAGGGAGAAGAGGATCCTCAGGCCTTGAGCATCCAGGAGGGTGAAAATGCCACCATGAACTGCAGTTACAAAACTAGTATAAACAATTTACAGTGGTATAGACAAAATTCAGGTAGAGGCCTTGTCCACCTAATTTTAATACGTTCAAATGAAAGAGAGAAACACAGTGGAAGATTAAGAGTCACGCTTGACACTTCCAAGAAAAGCAGTTCCTTGTTGATCACGGCTTCCCGGGCAGCAGACACTGCTTCTTACTTCTGTGCTCCGGGTGGCTCTGGCAACACAGGCAAACTAATCTTTGGGCAAGGGACAACTTTACAAGTAAAACCAG-7,CASSLGFIGEDGYTF,CAPGGSGNTGKLIF,TRBV5-1,TRAV17,TRBJ1-2,TRAJ37,consensus:lib20973:lib20974:lib20988:lib20997:lib21004:lib21008:lib21023,consensus:lib20973:lib20974:lib20988:lib20997:lib21004:lib21008:lib21023,none,NA,na,none,T1D_na
P168-11:P168-12,T1D10507,T1D,GADp70,GATGCTGGAGTTATCCAGTCACCCCGCCATGAGGTGACAGAGATGGGACAAGAAGTGACTCTGAGATGTAAACCAATTTCAGGCCACAACTCCCTTTTCTGGTACAGACAGACCATGATGCGGGGACTGGAGTTGCTCATTTACTTTAACAACAACGTTCCGATAGATGATTCAGGGATGCCCGAGGATCGATTCTCAGCTAAGATGCCTAATGCATCATTCTCCACTCTGAAGATCCAGCCCTCAGAACCCAGGGACTCAGCTGTGTACTTCTGTGCCAGCAGTTTCCGGGGCGGGGGGAACCCCTACGAGCAGTACTTCGGGCCGGGCACCAGGCTCACGGTCACAG,GCCCAGTCAGTGACCCAGCCTGACATCCACATCACTGTCTCTGAAGGAGCCTCACTGGAGTTGAGATGTAACTATTCCTATGGGGCAACACCTTATCTCTTCTGGTATGTCCAGTCCCCCGGCCAAGGCCTCCAGCTGCTCCTGAAGTACTTTTCAGGAGACACTCTGGTTCAAGGCATTAAAGGCTTTGAGGCTGAATTTAAGAGGAGTCAATCTTCCTTCAACCTGAGGAAACCCTCTGTGCATTGGAGTGATGCTGCTGAGTACTTCTGTGCTGTGGGTGCGGGATATGGTGGTGCTACAAACAAGCTCATCTTTGGAACTGGCACTCTGCTTGCTGTCCAGCCAA-6,CASSFRGGGNPYEQYF,CAVGAGYGGATNKLIF,TRBV12-3,TRAV8-3,TRBJ2-7,TRAJ32,consensus:lib20977:lib20981:lib20983:lib20985:lib20992:lib21013:lib21045,consensus:lib20977:lib20981:lib20983:lib20985:lib20992:lib21045,GADp70,NA,moderate,GAD,T1D_moderate
P168-13,T1D10396,T1D,no binder,GATGTGAAAGTAACCCAGAGCTCGAGATATCTAGTCAAAAGGACGGGAGAGAAAGTTTTTCTGGAATGTGTCCAGGATATGGACCATGAAAATATGTTCTGGTATCGACAAGACCCAGGTCTGGGGCTACGGCTGATCTATTTCTCATATGATGTTAAAATGAAAGAAAAAGGAGATATTCCTGAGGGGTACAGTGTCTCTAGAGAGAAGAAGGAGCGCTTCTCCCTGATTCTGGAGTCCGCCAGCACCAACCAGACATCTATGTACCTCTGTGCCAGCAGTTGGGGAGGGTTTCAGCCCCAGCATTTTGGTGATGGGACTCGACTCTCCATCCTAG,GACCAGCAAGTTAAGCAAAATTCACCATCCCTGAGCGTCCAGGAAGGAAGAATTTCTATTCTGAACTGTGACTATACTAACAGCATGTTTGATTATTTCCTATGGTACAAAAAATACCCTGCTGAAGGTCCTACATTCCTGATATCTATAAGTTCCATTAAGGATAAAAATGAAGATGGAAGATTCACTGTCTTCTTAAACAAAAGTGCCAAGCACCTCTCTCTGCACATTGTGCCCTCCCAGCCTGGAGACTCTGCAGTGTACTTCTGTGCAATTGGAGCCAATAGTAAGCTGACATTTGGAAAAGGAATAACTCTGAGTGTTAGACCAG-7,CASSWGGFQPQHF,CAIGANSKLTF,TRBV28,TRAV29DV5,TRBJ1-5,TRAJ56,consensus:lib21281:lib21283:lib21286:lib21294:lib21309:lib21311:lib21316:lib21321:lib21338,consensus:lib21283:lib21286:lib21294:lib21309:lib21311:lib21316:lib21338,none,NA,na,none,T1D_na
P168-13,T1D10396,T1D,GADp15,AATGCTGGTGTCACTCAGACCCCAAAATTCCAGGTCCTGAAGACAGGACAGAGCATGACACTGCAGTGTGCCCAGGATATGAACCATAACTCCATGTACTGGTATCGACAAGACCCAGGCATGGGACTGAGGCTGATTTATTACTCAGCTTCTGAGGGTACCACTGACAAAGGAGAAGTCCCCAATGGCTACAATGTCTCCAGATTAAACAAACGGGAGTTCTCGCTCAGGCTGGAGTCGGCTGCTCCCTCCCAGACATCTGTGTACTTCTGTGCCAGCACCCTGTTATGGGGGGGAGACTCCTACGAGCAGTACTTCGGGCCGGGCACCAGGCTCACGGTCACAG,GGAGAGGATGTGGAGCAGAGTCTTTTCCTGAGTGTCCGAGAGGGAGACAGCTCCGTTATAAACTGCACTTACACAGACAGCTCCTCCACCTACTTATACTGGTATAAGCAAGAACCTGGAGCAGGTCTCCAGTTGCTGACGTATATTTTTTCAAATATGGACATGAAACAAGACCAAAGACTCACTGTTCTATTGAATAAAAAGGATAAACATCTGTCTCTGCGCATTGCAGACACCCAGACTGGGGACTCAGCTATCTACTTCTGTGCAGAGAGGCTCTATGGGAACAACAGACTCGCTTTTGGGAAGGGGAACCAAGTGGTGGTCATACCAA-4,CASTLLWGGDSYEQYF,CAERLYGNNRLAF,TRBV6-1,TRAV5,TRBJ2-7,TRAJ7,consensus:lib21300:lib21306:lib21314:lib21317:lib21332:lib21339,consensus:lib21300:lib21306:lib21317:lib21339,GADp15,NA,moderate,GAD,T1D_moderate
P168-18:P168-7:P168-2,26886:10573:10010,T1D,GADp15 also GADp14,GATGCTGGAGTTATCCAGTCACCCCGGCACGAGGTGACAGAGATGGGACAAGAAGTGACTCTGAGATGTAAACCAATTTCAGGACACGACTACCTTTTCTGGTACAGACAGACCATGATGCGGGGACTGGAGTTGCTCATTTACTTTAACAACAACGTTCCGATAGATGATTCAGGGATGCCCGAGGATCGATTCTCAGCTAAGATGCCTAATGCATCATTCTCCACTCTGAAGATCCAGCCCTCAGAACCCAGGGACTCAGCTGTGTACTTCTGTGCCAGCAGTTTTACCTACAATGAGCAGTTCTTCGGGCCAGGGACACGGCTCACCGTGCTAG,AAAAATGAAGTGGAGCAGAGTCCTCAGAACCTGACTGCCCAGGAAGGAGAATTTATCACAATCAACTGCAGTTACTCGGTAGGAATAAGTGCCTTACACTGGCTGCAACAGCATCCAGGAGGAGGCATTGTTTCCTTGTTTATGCTGAGCTCAGGGAAGAAGAAGCATGGAAGATTAATTGCCACAATAAACATACAGGAAAAGCACAGCTCCCTGCACATCACAGCCTCCCATCCCAGAGACTCTGCCGTCTACATCTGTGCTGCCGCCGGTAACCAGTTCTATTTTGGGACAGGGACAAGTTTGACGGTCATTCCAA-4,CASSFTYNEQFF,CAAAGNQFYF,TRBV12-4,TRAV41,TRBJ2-1,TRAJ49,lib20520,lib20520,GADp15, GADp14,strong/moderate,GAD,T1D_strong/moderate
P168-22,20786,T1D,ZnT8-p1,TCTCAGACTATTCATCAATGGCCAGCGACCCTGGTGCAGCCTGTGGGCAGCCCGCTCTCTCTGGAGTGCACTGTGGAGGGAACATCAAACCCCAACCTATACTGGTACCGACAGGCTGCAGGCAGGGGCCTCCAGCTGCTCTTCTACTCCGTTGGTATTGGCCAGATCAGCTCTGAGGTGCCCCAGAATCTCTCAGCCTCCAGACCCCAGGACCGGCAGTTCATCCTGAGTTCTAAGAAGCTCCTTCTCAGTGACTCTGGCTTCTATCTCTGTGCCTGGAGCGCGCAAGGAGAGACCCAGTACTTCGGGCCAGGCACGCGGCTCCTGGTGCTCG,GGAGAGAATGTGGAGCAGCATCCTTCAACCCTGAGTGTCCAGGAGGGAGACAGCGCTGTTATCAAGTGTACTTATTCAGACAGTGCCTCAAACTACTTCCCTTGGTATAAGCAAGAACTTGGAAAAAGACCTCAGCTTATTATAGACATTCGTTCAAATGTGGGCGAAAAGAAAGACCAACGAATTGCTGTTACATTGAACAAGACAGCCAAACATTTCTCCCTGCACATCACAGAGACCCAACCTGAAGACTCGGCTGTCTACTTCTGTGCAGCAAGTGGGGCAAATTCCGGGTATGCACTCAACTTCGGCAAAGGCACCTCGCTGTTGGTCACACCCC-5,CAWSAQGETQYF,CAASGANSGYALNF,TRBV30,TRAV13-1,TRBJ2-5,TRAJ41,lib32675,lib32675,ZNP1,NA,strong,ZNP,T1D_strong
P168-26,29253,T1D,no binder,AAGGCTGGAGTCACTCAAACTCCAAGATATCTGATCAAAACGAGAGGACAGCAAGTGACACTGAGCTGCTCCCCTATCTCTGGGCATAGGAGTGTATCCTGGTACCAACAGACCCCAGGACAGGGCCTTCAGTTCCTCTTTGAATACTTCAGTGAGACACAGAGAAACAAAGGAAACTTCCCTGGTCGATTCTCAGGGCGCCAGTTCTCTAACTCTCGCTCTGAGATGAATGTGAGCACCTTGGAGCTGGGGGACTCGGCCCTTTATCTTTGCGCCAGCAGCTTGGGGCCCTCCTACGAGCAGTACTTCGGGCCGGGCACCAGGCTCACGGTCACAG,GGTCAACAGCTGAATCAGAGTCCTCAATCTATGTTTATCCAGGAAGGAGAAGATGTCTCCATGAACTGCACTTCTTCAAGCATATTTAACACCTGGCTATGGTACAAGCAGGACCCTGGGGAAGGTCCTGTCCTCTTGATAGCCTTATATAAGGCTGGTGAATTGACCTCAAATGGAAGACTGACTGCTCAGTTTGGTATAACCAGAAAGGACAGCTTCCTGAATATCTCAGCATCCATACCTAGTGATGTAGGCATCTACTTCTGTGCTGGCCCCACACTCGGAGGTAGCAACTATAAACTGACATTTGGAAAAGGAACTCTCTTAACCGTGAATCCAA-24,CASSLGPSYEQYF,CAGPTLGGSNYKLTF,TRBV5-1,TRAV35,TRBJ2-7,TRAJ53,lib32724,lib32724,none,NA,na,none,T1D_na
P168-30,27007,T1D,ZnT8-p1,GATGTGAAAGTAACCCAGAGCTCGAGATATCTAGTCAAAAGGACGGGAGAGAAAGTTTTTCTGGAATGTGTCCAGGATATGGACCATGAAAATATGTTCTGGTATCGACAAGACCCAGGTCTGGGGCTACGGCTGATCTATTTCTCATATGATGTTAAAATGAAAGAAAAAGGAGATATTCCTGAGGGGTACAGTGTCTCTAGAGAGAAGAAGGAGCGCTTCTCCCTGATTCTGGAGTCCGCCAGCACCAACCAGACATCTATGTACCTCTGTGCCAGCAGTTCCCAGGGACAGGGTAAAGAGACCCAGTACTTCGGGCCAGGCACGCGGCTCCTGGTGCTCG,GGAGAGAGTGTGGGGCTGCATCTTCCTACCCTGAGTGTCCAGGAGGGTGACAACTCTATTATCAACTGTGCTTATTCAAACAGCGCCTCAGACTACTTCATTTGGTACAAGCAAGAATCTGGAAAAGGTCCTCAATTCATTATAGACATTCGTTCAAATATGGACAAAAGGCAAGGCCAAAGAGTCACCGTTTTATTGAATAAGACAGTGAAACATCTCTCTCTGCAAATTGCAGCTACTCAACCTGGAGACTCAGCTGTCTACTTTTGTGCAGAGAATAGAAGCGACTACAAGCTCAGCTTTGGAGCCGGAACCACAGTAACTGTAAGAGCAA-4,CASSSQGQGKETQYF,CAENRSDYKLSF,TRBV28,TRAV13-2,TRBJ2-5,TRAJ20,lib33397,lib33397,ZNP1,NA,strong,ZNP,T1D_strong
P168-31,20729,T1D,GADp14,GAACCTGAAGTCACCCAGACTCCCAGCCATCAGGTCACACAGATGGGACAGGAAGTGATCTTGCGCTGTGTCCCCATCTCTAATCACTTATACTTCTATTGGTACAGACAAATCTTGGGGCAGAAAGTCGAGTTTCTGGTTTCCTTTTATAATAATGAAATCTCAGAGAAGTCTGAAATATTCGATGATCAATTCTCAGTTGAAAGGCCTGATGGATCAAATTTCACTCTGAAGATCCGGTCCACAAAGCTGGAGGACTCAGCCATGTACTTCTGTGCCAGCAAGTATAACAGGGGGGAACAGCCCCAGCATTTTGGTGATGGGACTCGACTCTCCATCCTAG,GCCCAGTCTGTGACCCAGCTTGACAGCCAAGTCCCTGTCTTTGAAGAAGCCCCTGTGGAGCTGAGGTGCAACTACTCATCGTCTGTTTCAGTGTATCTCTTCTGGTATGTGCAATACCCCAACCAAGGACTCCAGCTTCTCCTGAAGTATTTATCAGGATCCACCCTGGTTGAAAGCATCAACGGTTTTGAGGCTGAATTTAACAAGAGTCAAACTTCCTTCCACTTGAGGAAACCCTCAGTCCATATAAGCGACACGGCTGAGTACTTCTGTGCTGTGAAACTTCAGGGCGGATCTGAAAAGCTGGTCTTTGGAAAGGGAACGAAACTGACAGTAAACCCAT-16,CASKYNRGEQPQHF,CAVKLQGGSEKLVF,TRBV2,TRAV8-6,TRBJ1-5,TRAJ57,lib33780,lib33780,GADp14,NA,weak,GAD,T1D_weak
P91-9,HC3,HC,GADp45,AATGCTGGTGTCACTCAGACCCCAAAATTCCGGGTCCTGAAGACAGGACAGAGCATGACACTGCTGTGTGCCCAGGATATGAACCATGAATACATGTACTGGTATCGACAAGACCCAGGCATGGGGCTGAGGCTGATTCATTACTCAGTTGGTGAGGGTACAACTGCCAAAGGAGAGGTCCCTGATGGCTACAATGTCTCCAGATTAAAAAAACAGAATTTCCTGCTGGGGTTGGAGTCGGCTGCTCCCTCCCAAACATCTGTGTACTTCTGTGCCAGCACCAAAGGGGGCACCCATCAGCCCCAGCATTTTGGTGATGGGACTCGACTCTCCATCCTAG,GCCCAGAAGATAACTCAAACCCAACCAGGAATGTTCGTGCAGGAAAAGGAGGCTGTGACTCTGGACTGCACATATGACACCAGTGATCAAAGTTATGGTCTCTTCTGGTACAAGCAGCCCAGCAGTGGGGAAATGATTTTTCTTATTTATCAGGGGTCTTATGACGAGCAAAATGCAACAGAAGGTCGCTACTCATTGAATTTCCAGAAGGCAAGAAAATCCGCCAACCTTGTCATCTCCGCTTCACAACTGGGGGACTCAGCAATGTATTTCTGTGCAATGAGAGAGATGAACCAGGCAGGAACTGCTCTGATCTTTGGGAAGGGAACCACCTTATCAGTGAGTTCCA-2:GCCCAGAAGATAACTCAAACCCAACCAGGAATGTTCGTGCAAAAAGGAGGCTGTGACTCTGGACTGCACATATGACACCAGTGATCAAAGTTATGGTCTCTTCTGGTACAAGCAGCCCAGCAGTGGGGAAATGATTTTTCTTATTTATCAGGGGTCTTATGACGAGCAAAATGCAACAGAAGGTCGCTACTCATTGAATTTCCAGAAGGCAAGAAAATCCGCCAACCTTGTCATCTCCGCTTCACAACTGGGGGACTCAGCAATGTATTTCTGTGCAATGAGAGAGATGAACCAGGCAGGAACTGCTCTGATCTTTGGGAAGGGAACCACCTTATCAGTGAGTTCCA-1,CASTKGGTHQPQHF,CAMREMNQAGTALIF,TRBV6-2,TRAV14DV4,TRBJ1-5,TRAJ15,lib6743,lib6743,GADp45,NA,strong,GAD,HC_strong
P91-9,HC3,HC,no binder,GAAACGGGAGTTACGCAGACACCAAGACACCTGGTCATGGGAATGACAAATAAGAAGTCTTTGAAATGTGAACAACATCTGGGGCATAACGCTATGTATTGGTACAAGCAAAGTGCTAAGAAGCCACTGGAGCTCATGTTTGTCTACAACTTTAAAGAACAGACTGAAAACAACAGTGTGCCAAGTCGCTTCTCACCTGAATGCCCCAACAGCTCTCACTTATTCCTTCACCTACACACCCTGCAGCCAGAAGACTCGGCCCTGTATCTCTGTGCCAGCAGCCAAGAACTCTTACAAGAGACCCAGTACTTCGGGCCAGGCACGCGGCTCCTGGTGCTCG,CAGCAGCAGGTGAAACAAAGTCCTCAATCTTTGATAGTCCAGAAAGGAGGGATTTCAATTATAAACTGTGCTTATGAGAACACTGCGTTTGACTACTTTCCATGGTACCAACAATTCCCTGGGAAAGGCCCTGCATTATTGATAGCCATACGTCCAGATGTGAGTGAAAAGAAAGAAGGAAGATTCACAATCTCCTTCAATAAAAGTGCCAAGCAGTTCTCATTGCATATCATGGATTCCCAGCCTGGAGACTCAGCCACCTACTTCTGTGCAGCAGGAGGGGCTGGGAGTTACCAACTCACTTTCGGGAAGGGGACCAAACTCTCGGTCATACCAA-1,CASSQELLQETQYF,CAAGGAGSYQLTF,TRBV4-2,TRAV23DV6,TRBJ2-5,TRAJ28,lib6755,lib6755,none,NA,na,none,HC_na
P91-14:P91-13,HC5,HC,IGRP39,GATGCTGGAGTTATCCAGTCACCCCGGCACGAGGTGACAGAGATGGGACAAGAAGTGACTCTGAGATGTAAACCAATTTCAGGACACGACTACCTTTTCTGGTACAGACAGACCATGATGCGGGGACTGGAGTTGCTCATTTACTTTAACAACAACGTTCCGATAGATGATTCAGGGATGCCCGAGGATCGATTCTCAGCTAAGATGCCTAATGCATCATTCTCCACTCTGAAGATCCAGCCCTCAGAACCCAGGGACTCAGCTGTGTACTTCTGTGCCAGCAGCCCACTAGCGGGGGCCTGGTCCTACGAGCAGTACTTCGGGCCGGGCACCAGGCTCACGGTCACAG,GCTCAGTCAGTGGCTCAGCCGGAAGATCAGGTCAACGTTGCTGAAGGGAATCCTCTGACTGTGAAATGCACCTATTCAGTCTCTGGAAACCCTTATCTTTTTTGGTATGTTCAATACCCCAACCGAGGCCTCCAGTTCCTTCTGAAATACATCACAGGGGATAACCTGGTTAAAGGCAGCTATGGCTTTGAAGCTGAATTTAACAAGAGCCAAACCTCCTTCCACCTGAAGAAACCATCTGCCCTTGTGAGCGACTCCGCTTTGTACTTCTGTGCTGTGAGAGACTCCTTTTCTGGGGGTTACCAGAAAGTTACCTTTGGAACTGGAACAAAGCTCCAAGTCATCCCAA-2,CASSPLAGAWSYEQYF,CAVRDSFSGGYQKVTF,TRBV12-4,TRAV3,TRBJ2-7,TRAJ13,lib10608,lib10608,IGRP39,NA,strong,IGRP,HC_strong
P91-14:P91-13,HC5,HC,no binder,GGTGCTGGAGTCTCCCAGTCTCCCAGGTACAAAGTCACAAAGAGGGGACAGGATGTAGCTCTCAGGTGTGATCCAATTTCGGGTCATGTATCCCTTTATTGGTACCGACAGGCCCTGGGGCAGGGCCCAGAGTTTCTGACTTACTTCAATTATGAAGCCCAACAAGACAAATCAGGGCTGCCCAATGATCGGTTCTCTGCAGAGAGGCCTGAGGGATCCATCTCCACTCTGACGATCCAGCGCACAGAGCAGCGGGACTCGGCCATGTATCGCTGTGCCAGCAGCTTAGGGACAGCCTATAATTCACCCCTCCACTTTGGGAACGGGACCAGGCTCACTGTGACAG,GGAAATTCAGTGACCCAGATGGAAGGGCCAGTGACTCTCTCAGAAGAGGCCTTCCTGACTATAAACTGCACGTACACAGCCACAGGATACCCTTCCCTTTTCTGGTATGTCCAATATCCTGGAGAAGGTCTACAGCTCCTCCTGAAAGCCACGAAGGCTGATGACAAGGGAAGCAACAAAGGTTTTGAAGCCACATACCGTAAAGAAACCACTTCTTTCCACTTGGAGAAAGGCTCAGTTCAAGTGTCAGACTCAGCGGTGTACTTCTGTGCTCTGATAGGCGGAAACACACCTCTTGTCTTTGGAAAGGGCACAAGACTTTCTGTGATTGCAA-2,CASSLGTAYNSPLHF,CALIGGNTPLVF,TRBV7-6,TRAV9-2,TRBJ1-6,TRAJ29,lib10631,lib10631,none,NA,na,none,HC_na
P91-20:P91-34,T1D3,T1D,no binder,AAGGCTGGAGTCACTCAAACTCCAAGATATCTGATCAAAACGAGAGGACAGCAAGTGACACTGAGCTGCTCCCCTATCTCTGGGCATAGGAGTGTATCCTGGTACCAACAGACCCCAGGACAGGGCCTTCAGTTCCTCTTTGAATACTTCAGTGAGACACAGAGAAACAAAGGAAACTTCCCTGGTCGATTCTCAGGGCGCCAGTTCTCTAACTCTCGCTCTGAGATGAATGTGAGCACCTTGGAGCTGGGGGACTCGGCCCTTTATCTTTGCGCCAGCGCCCATCCGGGACTAGGAACAGATACGCAGTATTTTGGCCCAGGCACCCGGCTGACAGTGCTCG,GGAGATTCAGTGACCCAGATGGAAGGGCCAGTGACTCTCTCAGAAGAGGCCTTCCTGACTATAAACTGCACGTACACAGCCACAGGATACCCTTCCCTTTTCTGGTATGTCCAATATCCTGGAGAAGGTCTACAGCTCCTCCTGAAAGCCACGAAGGCTGATGACAAGGGAAGCAACAAAGGTTTTGAAGCCACATACCGTAAGGAAACCACTTCTTTCCACTTGGAGAAAGGCTCAGTTCAAGTGTCAGACTCAGCGGTGTACTTCTGTGCTCTGACCTCCAACGGGAGCAACACAGGCAAACTAATCTTTGGGCAAGGGACAACTTTACAAGTAAAACCAG-5,CASAHPGLGTDTQYF,CALTSNGSNTGKLIF,TRBV5-1,TRAV9-2,TRBJ2-3,TRAJ37,consensus:lib14609:lib17787:lib17802:lib17857:lib17862:lib17872,consensus:lib14609:lib17787:lib17857:lib17862:lib17872,none,NA,na,none,T1D_na
P91-23,HC6,HC,multiple specificity,GATGCTGGAGTTATCCAGTCACCCCGGCACGAGGTGACAGAGATGGGACAAGAAGTGACTCTGAGATGTAAACCAATTTCAGGACACGACTACCTTTTCTGGTACAGACAGACCATGATGCGGGGACTGGAGTTGCTCATTTACTTTAACAACAACGTTCCGATAGATGATTCAGGGATGCCCGAGGATCGATTCTCAGCTAAGATGCCTAATGCATCATTCTCCACTCTGAAGATCCAGCCCTCAGAACCCAGGGACTCAGCTGTGTACTTCTGTGCCAGCAGCCCGCAGGGAGGGAACACTGAAGCTTTCTTTGGACAAGGCACCAGACTCACAGTTGTAG,GACCAGCAAGTTAAGCAAAATTCACCATCCCTGAGCGTCCAGGAAGGAAGAATTTCTATTCTGAACTGTGACTATACTAACAGCATGTTTGATTATTTCCTATGGTACAAAAAATACCCTGCTGAAGGTCCTACATTCCTGATATCTATAAGTTCCATTAAGGATAAAAATGAAGATGGAAGATTCACTGTTTTCTTAAACAAAAGTGCCAAGCACCTCTCTCTGCACATTGTGCCCTCCCAGCCTGGAGACTCTGCAGTGTACTTCTGTGCAGCAAGCCGCTATTCAGGAGGAGGTGCTGACGGACTCACCTTTGGCAAAGGGACTCATCTAATCATCCAGCCCT-1,CASSPQGGNTEAFF,CAASRYSGGGADGLTF,TRBV12-4,TRAV29DV5,TRBJ1-1,TRAJ45,lib14661,lib14661,multiple,NA,na,multiple,HC_na
P91-24:P91-33,T1D8,T1D,GADp48,GGAGCTGGAGTCTCCCAGTCCCCCAGTAACAAGGTCACAGAGAAGGGAAAGGATGTAGAGCTCAGGTGTGATCCAATTTCAGGTCATACTGCCCTTTACTGGTACCGACAGAGCCTGGGGCAGGGCCTGGAGTTTTTAATTTACTTCCAAGGCAACAGTGCACCAGACAAATCAGGGCTGCCCAGTGATCGCTTCTCTGCAGAGAGGACTGGGGGATCCGTCTCCACTCTGACGATCCAGCGCACACAGCAGGAGGACTCGGCCGTGTATCTCTGTGCCAGCAGCTTAGCATACGGGACTCATCGTTACAATGAGCAGTTCTTCGGGCCAGGGACACGGCTCACCGTGCTAG,GACCAGCAAGTTAAGCAAAATTCACCATCCCTGAGCGTCCAGGAAGGAAGAATTTCTATTCTGAACTGTGACTATACTAACAGCATGTTTGATTATTTCCTATGGTACAAAAAATACCCTGCTGAAGGTCCTACATTCCTGATATCTATAAGTTCCATTAAGGATAAAAATGAAGATGGAAGATTCACTGTCTTCTTAAACAAAAGTGCCAAGCACCTCTCTCTGCACATTGTGCCCTCCCAGCCTGGAGACTCTGCAGTGTACTTCTGTGCAGCAACCACCGACAAGCTCATCTTTGGGACTGGGACCAGATTACAAGTCTTTCCAA-10,CASSLAYGTHRYNEQFF,CAATTDKLIF0,TRBV7-2,TRAV29DV5,TRBJ2-1,TRAJ34,consensus:lib14983:lib17610:lib17614:lib17620:lib17632:lib17634:lib17636:lib17638:lib17674:lib17676:lib17677,consensus:lib14983:lib17610:lib17614:lib17620:lib17632:lib17634:lib17636:lib17638:lib17674:lib17677,GADp48,NA,weak,GAD,T1D_weak
P91-24:P91-33,T1D8,T1D,ZnT8-p28,GGTGCTGGAGTCTCCCAGACCCCCAGTAACAAGGTCACAGAGAAGGGAAAATATGTAGAGCTCAGGTGTGATCCAATTTCAGGTCATACTGCCCTTTACTGGTACCGACAAAGCCTGGGGCAGGGCCCAGAGTTTCTAATTTACTTCCAAGGCACGGGTGCGGCAGATGACTCAGGGCTGCCCAACGATCGGTTCTTTGCAGTCAGGCCTGAGGGATCCGTCTCTACTCTGAAGATCCAGCGCACAGAGCGGGGGGACTCAGCCGTGTATCTCTGTGCCAGCAGCTTAGCGGGCACAGATACGCAGTATTTTGGCCCAGGCACCCGGCTGACAGTGCTCG,GGAGAGAATGTGGAGCAGCATCCTTCAACCCTGAGTGTCCAGGAGGGAGACAGCGCTGTTATCAAGTGTACTTATTCAGACAGTGCCTCAAACTACTTCCCTTGGTATAAGCAAGAACTTGGAAAAGGATCTCAGCTTATTATAGACATTCGTTCAAATGTGGGCGAAAAGAAAGACCAACGAATTGCTGTTACATTGAACAAGACAGCCAAACATTTCTCCCTGCACATCACAGAGACCCAACCTGAAGACTCGGCTGTCTACTTCTGTGCAGCAAGTATAGGGGGAGGAGGAAGCTACATACCTACATTTGGAAGAGGAACCAGCCTTATTGTTCATCCGT-7:GGAGAGAATGTGGAGCAGCATCCTTCAACCCTGAGTGTCCAGGAGGGAGACAGCGCTGTTATCAAGTGTACTTATTCAGACAGTGCCTCAAACTACTTCCCTTGGTATAAGCAAGAACTTGGAAAAGGATCTCAGCTTATTATAGACATTCGTTCAAATGTGGGCGAAAAGAAAGACCAACGAATTGCTGTTACATTGAACAAGACAGCCAAACATTTCTCCCTGCACATCACAGAGACCCAACCTGAAGACTCGGCTGTCTACTTCTGTGCAGCAAGTATAGGGGGGGGAGGAAGCTACATACCTACATTTGGAAGAGGAACCAGCCTTATTGTTCATCCGT-1,CASSLAGTDTQYF,CAASIGGGGSYIPTF,TRBV7-3,TRAV13-1,TRBJ2-3,TRAJ6,consensus:lib14986:lib14989:lib14991:lib17609:lib17616:lib17642:lib17644:lib17678,consensus:lib14986:lib14989:lib14991:lib17616:lib17642:lib17644:lib17678:lib17609,ZNP28,NA,moderate,ZNP,T1D_moderate
P91-26,HC10,HC,multiple specificity,AAGGCTGGAGTCACTCAAACTCCAAGATATCTGATCAAAACGAGAGGACAGCAAGTGACACTGAGCTGCTCCCCTATCTCTGGGCATAGGAGTGTATCCTGGTACCAACAGACCCCAGGACAGGGCCTTCAGTTCCTCTTTGAATACTTCAGTGAGACACAGAGAAACAAAGGAAACTTCCCTGGTCGATTCTCAGGGCGCCAGTTCTCTAACTCTCGCTCTGAGATGAATGTGAGCACCTTGGAGCTGGGGGACTCGGCCCTTTATCTTTGCGCCAGCAGCTTCACGGAGGGGAACACTGAAGCTTTCTTTGGACAAGGCACCAGACTCACAGTTGTAG,CAGCAGCAGGTGAAACAAAGTCCTCAATCTTTGATAGTCCAGAAAGGAGGGATTTCAATTATAAACTGTGCTTATGAGAACACTGCGTTTGACTACTTTCCATGGTACCAACAATTCCCTGGGAAAGGCCCTGCATTATTGATAGCCATACGTCCAGATGTGAGTGAAAAGAAAGAAGGAAGATTCACAATCTCCTTCAATAAAAGTGCCAAGCAGTTCTCATTGCATATCATGGATTCCCAGCCTGGAGACTCAGCCACCTACTTCTGTGCAGCAAGCAACCCCGACTACAAGCTCAGCTTTGGAGCCGGAACCACAGTAACTGTAAGAGCAA-2,CASSFTEGNTEAFF,CAASNPDYKLSF,TRBV5-1,TRAV23DV6,TRBJ1-1,TRAJ20,lib15660,lib15660,multiple,NA,na,multiple,HC_na
P91-34,T1D6,T1D,no binder,TGCGCCAGCAGCTTCACAGGGCCCGATGACACTGAAGCTTTCTTT,TGTGCTCTGACCGAGGGGTATGGTGGTGCTACAAACAAGCTCATCTTT-2,CASSFTGPDDTEAFF,CALTEGYGGATNKLIF,TRBV5-1,TRAV19,TRBJ1-1,TRAJ32,lib17798,lib17798,none,NA,na,none,T1D_na
P91-34,T1D6,T1D,IGRP39,TGCGCCAGCAGCTTGGTAGGCGGGAGAGTGGATTGGCGTGAGCAGTACTTC,TGTGCTACGGATTCCTCTTCTGGTTCTGCAAGGCAACTGACCTTT-3,CASSLVGGRVDWREQYF,CATDSSSGSARQLTF,TRBV5-1,TRAV17,TRBJ2-7,TRAJ22,lib17849,lib17849,IGRP39,NA,strong,IGRP,T1D_strong
P91-34,T1D6,T1D,no binder,TGTGCCAGCACTCTCCTTGCTGGGGGGACCCAGTACTTC,TGTGCCGCCTCGGGGGGGGGAAATGAGAAATTAACCTTT-2,CASTLLAGGTQYF,CAASGGGNEKLTF,TRBV5-6,TRAV41,TRBJ2-5,TRAJ48,lib17784,lib17784,none,NA,na,none,T1D_na
P91-34,T1D6,T1D,GADp15 also GADp14,TGTGCCAGCAGCGTGAACAGGGGTCATAACACTGAAGCTTTCTTT,TGTGCAATGGAGGGGGGGCGGTATAACACACCTCTTGTCTTT-1,CASSVNRGHNTEAFF,CAMEGGRYNTPLVF,TRBV5-6,TRAV12-3,TRBJ1-1,TRAJ29,lib17800,lib17800,GADp15, GADp14,strong/moderate,GAD,T1D_strong/moderate
P91-34,T1D6,T1D,no binder,TGCAGCGGTAGCGGGAGCCGGGAGACCCAGTACTTC,TGTGCTCTGGGGAACTATGGTCAGAATTTTGTCTTT-2,CSGSGSRETQYF,CALGNYGQNFVF,TRBV29-1,TRAV9-2,TRBJ2-5,TRAJ26,lib17814,lib17814,none,NA,na,none,T1D_na
P91-34,T1D6,T1D,ZnT8-p28,TGTGCCTGGATGGGGGGCTACAATGAGCAGTTCTTC,TGTGCAGAGAGTACTTCTGGTTCTGCAAGGCAACTGACCTTT-2,CAWMGGYNEQFF,CAESTSGSARQLTF,TRBV30,TRAV5,TRBJ2-1,TRAJ22,lib17842,lib17842,ZNP28,NA,strong,ZNP,T1D_strong
P91-36,HC11,HC,no binder,TGTGCCAGTAGTATGGTCCAGGGAAGGCAGCCCCAGCATTTT,TGTGCAATGAGCGAGGGGAACTATGGTCAGAATTTTGTCTTT-2,CASSMVQGRQPQHF,CAMSEGNYGQNFVF,TRBV19,TRAV12-3,TRBJ1-5,TRAJ26,lib18449,lib18449,none,NA,na,none,HC_na
P91-40:P91-33,T1D8,T1D,"GADp35, some binding to GADp37, GADp15",GAAGCCCAAGTGACCCAGAACCCAAGATACCTCATCACAGTGACTGGAAAGAAGTTAACAGTGACTTGTTCTCAGAATATGAACCATGAGTATATGTCCTGGTATCGACAAGACCCAGGGCTGGGCTTAAGGCAGATCTACTATTCAATGAATGTTGAGGTGACTGATAAGGGAGATGTTCCTGAAGGGTACAAAGTCTCTCGAAAAGAGAAGAGGAATTTCCCCCTGATCCTGGAGTCGCCCAGCCCCAACCAGACCTCTCTGTACTTCTGTGCCAGCAGTTCTCAGGGGGCTAACTATGGCTACACCTTCGGTTCGGGGACCAGGTTAACCGTTGTAG,CAGCAGCAGGTGAAACAAAGTCCTCAATCTTTGATAGTCCAGAAAGGAGGGATTTCAATTATAAACTGTGCTTATGAGAACACTGCGTTTGACTACTTTCCATGGTACCAACAATTCCCTGGGAAAGGCCCTGCATTATTGATAGCCATACGTCCAGATGTGAGTGAAAAGAAAGAAGGAAGATTCACAATCTCCTTCAATAAAAGTGCCAAGCAGTTCTCATTGCATATCATGGATTCCCAGCCTGGAGACTCAGCCACCTACTTCTGTGCAGCAAGCGAACCCGACAAGCTCATCTTTGGGACTGGGACCAGATTACAAGTCTTTCCAA-14:TGTGCAGCAAGCGAACCCGACAAGCTCATCTTT-1,CASSSQGANYGYTF,CAASEPDKLIF,TRBV27,TRAV23DV6,TRBJ1-2,TRAJ34,lib17673,lib17673,GADp35, GADp15,moderate,GAD,T1D_moderate
P91-41,HC7,HC,no binder,AAGGCTGGAGTCACTCAAACTCCAAGATATCTGATCAAAACGAGAGGACAGCAAGTGACACTGAGCTGCTCCCCTATCTCTGGGCATAGGAGTGTATCCTGGTACCAACAGACCCCAGGACAGGGCCTTCAGTTCCTCTTTGAATACTTCAGTGAGACACAGAGAAACAAAGGAAACTTCCCTGGTCGATTCTCAGGGCGCCAGTTCTCTAACTCTCGCTCTGAGATGAATGTGAGCACCTTGGAGCTGGGGGACTCGGCCCTTTATCTTTGCGCCAGCAGCTTTGGGACAGGGGCGTTGAACACTGAAGCTTTCTTTGGACAAGGCACCAGACTCACAGTTGTAG,GCCCAGTCGGTGACCCAGCTTGGCAGCCACGTCTCTGTCTCTGAGGGAGCCCTGGTTCTGCTGAGGTGCAACTACTCATCGTCTGTTCCACCATATCTCTTCTGGTATGTGCAATACCCCAACCAAGGACTCCAGCTTCTCCTGAAGTACACAACAGGGGCCACCCTGGTTAAAGGCATCAACGGTTTTGAGGCTGAATTTAAGAAGAGTGAAACCTCCTTCCACCTGACGAAACCCTCAGCCCATATGAGCGACGCGGCTGAGTACTTCTGTGCTGTGAGGGGGAATTATGGAGGAAGCCAAGGAAATCTCATCTTTGGAAAAGGCACTAAACTCTCTGTTAAACCAA-8,CASSFGTGALNTEAFF,CAVRGNYGGSQGNLIF,TRBV5-1,TRAV8-4,TRBJ1-1,TRAJ42,consensus:lib24591:lib24602:lib24608:lib24610:lib24612:lib24620:lib24633:lib24643,consensus:lib24591:lib24602:lib24608:lib24610:lib24612:lib24620:lib24633:lib24643,none,NA,na,none,HC_na
P91-41,HC7,HC,GADp15,GAAGCTGGAGTGGTTCAGTCTCCCAGATATAAGATTATAGAGAAAAAACAGCCTGTGGCTTTTTGGTGCAATCCTATTTCTGGCCACAATACCCTTTACTGGTACCGGCAGAACTTGGGACAGGGCCCGGAGCTTCTGATTCGATATGAGAATGAGGAAGCAGTAGACGATTCACAGTTGCCTAAGGATCGATTTTCTGCAGAGAGGCTCAAAGGAGTAGACTCCACTCTCAAGATCCAGCCTGCAGAGCTTGGGGACTCGGCCGTGTATCTCTGTGCCAGCAGCTTTTCCGGGGAGCTGTTTTTTGGAGAAGGCTCTAGGCTGACCGTACTGG,AGTCAACAGGGAGAAGAGGATCCTCAGGCCTTGAGCATCCAGGAGGGTGAAAATGCCACCATGAACTGCAGTTACAAAACTAGTATAAACAATTTACAGTGGTATAGACAAAATTCAGGTAGAGGCCTTGTCCACCTAATTTTAATACGTTCAAATGAAAGAGAGAAACACAGTGGAAGATTAAGAGTCACGCTTGACACTTCCAAGAAAAGCAGTTCCTTGTTGATCACGGCTTCCCGGGCAGCAGACACTGCTTCTTACTTCTGTGCTACGGACGAAGGAGGAAGCTACATACCTACATTTGGAAGAGGAACCAGCCTTATTGTTCATCCGT-5:GCCCAGTCGGTGACCCAGCTTGACAGCCACGTCTCTGTCTCTGAAGGAACCCCGGTGCTGCTGAGGTGCAACTACTCATCTTCTTATTCACCATCTCTCTTCTGGTATGTGCAACACCCCAACAAAGGACTCCAGCTTCTCCTGAAGTACACATCAGCGGCCACCCTGGTTAAAGGCATCAACGGTTTTGAGGCTGAATTTAAGAAGAGTGAAACCTCCTTCCACCTGACGAAACCCTCAGCCCATATGAGCGACGCGGCTGAGTACTTCTGTGTTGTGAGTGTCGGCACCAATGCAGGCAAATCAACCTTTGGGGATGGGACTACGCTCACTGTGAAGCCAA-4,CASSFSGELFF,CATDEGGSYIPTF,TRBV11-3,TRAV17,TRBJ2-2,TRAJ6,lib24593,lib24593,GADp15,NA,weak,GAD,HC_weak
P91-41,HC7,HC,IGRP31,GAAGCTGGAGTGGTTCAGTCTCCCAGATATAAGATTATAGAGAAAAAACAGCCTGTGGCTTTTTGGTGCAATCCTATTTCTGGCCACAATACCCTTTACTGGTACCGGCAGAACTTGGGACAGGGCCCGGAGCTTCTGATTCGATATGAGAATGAGGAAGCAGTAGACGATTCACAGTTGCCTAAGGATCGATTTTCTGCAGAGAGGCTCAAAGGAGTAGACTCCACTCTCAAGATCCAGCCTGCAGAGCTTGGGGACTCGGCCGTGTATCTCTGTGCCAGCAGCTTTTCCGGGGAGCTGTTTTTTGGAGAAGGCTCTAGGCTGACCGTACTGG,AGTCAACAGGGAGAAGAGGATCCTCAGGCCTTGAGCATCCAGGAGGGTGAAAATGCCACCATGAACTGCAGTTACAAAACTAGTATAAACAATTTACAGTGGTATAGACAAAATTCAGGTAGAGGCCTTGTCCACCTAATTTTAATACGTTCAAATGAAAGAGAGAAACACAGTGGAAGATTAAGAGTCACGCTTGACACTTCCAAGAAAAGCAGTTCCTTGTTGATCACGGCTTCCCGGGCAGCAGACACTGCTTCTTACTTCTGTGCTACGGACGAAGGAGGAAGCTACATACCTACATTTGGAAGAGGAACCAGCCTTATTGTTCATCCGT-5:GCCCAGTCGGTGACCCAGCTTGACAGCCACGTCTCTGTCTCTGAAGGAACCCCGGTGCTGCTGAGGTGCAACTACTCATCTTCTTATTCACCATCTCTCTTCTGGTATGTGCAACACCCCAACAAAGGACTCCAGCTTCTCCTGAAGTACACATCAGCGGCCACCCTGGTTAAAGGCATCAACGGTTTTGAGGCTGAATTTAAGAAGAGTGAAACCTCCTTCCACCTGACGAAACCCTCAGCCCATATGAGCGACGCGGCTGAGTACTTCTGTGTTGTGAGTGTCGGCACCAATGCAGGCAAATCAACCTTTGGGGATGGGACTACGCTCACTGTGAAGCCAA-4,CASSFSGELFF,CVVSVGTNAGKSTF,TRBV11-3,TRAV8-2,TRBJ2-2,TRAJ27,lib24593,lib24593,IGRP31,NA,strong,IGRP,HC_strong
P91-44,HC12,HC,IGRP31,AATGCTGGTGTCACTCAGACCCCAAAATTCCGCATCCTGAAGATAGGACAGAGCATGACACTGCAGTGTGCCCAGGATATGAACCATAACTACATGTACTGGTATCGACAAGACCCAGGCATGGGGCTGAAGCTGATTTATTATTCAGTTGGTGCTGGTATCACTGACAAAGGAGAAGTCCCGAATGGCTACAACGTCTCCAGATCAACCACAGAGGATTTCCCGCTCAGGCTGGAGTTGGCTGCTCCCTCCCAGACATCTGTGTACTTCTGTGCCAGCGCACCTCAGGAGGCTCAGCCCCAGCATTTTGGTGATGGGACTCGACTCTCCATCCTAG,CAGAAGGAGGTGGAGCAGAATTCTGGACCCCTCAGTGTTCCAGAGGGAGCCATTGCCTCTCTCAACTGCACTTACAGTGACCGAGGTTCCCAGTCCTTCTTCTGGTACAGACAATATTCTGGGAAAAGCCCTGAGTTGATAATGTCCATATACTCCAATGGTGACAAAGAAGATGGAAGGTTTACAGCACAGCTCAATAAAGCCAGCCAGTATGTTTCTCTGCTCATCAGAGACTCCCAGCCCAGTGATTCAGCCACCTACCTCTGTGCCGTGAACCCCAACCAGGCAGGAACTGCTCTGATCTTTGGGAAGGGAACCACCTTATCAGTGAGTTCCA-6,CASAPQEAQPQHF,CAVNPNQAGTALIF,TRBV6-6,TRAV12-2,TRBJ1-5,TRAJ15,consensus:lib24672:lib24683:lib24694:lib24706:lib24711:lib24714,consensus:lib24672:lib24683:lib24694:lib24706:lib24711:lib24714,IGRP31,NA,weak,IGRP,HC_weak
P91-44,HC12,HC,GADp15,GAAGCTGGAGTTGCCCAGTCTCCCAGATATAAGATTATAGAGAAAAGGCAGAGTGTGGCTTTTTGGTGCAATCCTATATCTGGCCATGCTACCCTTTACTGGTACCAGCAGATCCTGGGACAGGGCCCAAAGCTTCTGATTCAGTTTCAGAATAACGGTGTAGTGGATGATTCACAGTTGCCTAAGGATCGATTTTCTGCAGAGAGGCTCAAAGGAGTAGACTCCACTCTCAAGATCCAGCCTGCAAAGCTTGAGGACTCGGCCGTGTATCTCTGTGCCAGCAGCTTAATACCCTACAATGAGCAGTTCTTCGGGCCAGGGACACGGCTCACCGTGCTAG,GGAGATTCAGTGACCCAGATGGAAGGGCCAGTGACTCTCTCAGAAGAGGCCTTCCTGACTATAAACTGCACGTACACAGCCACAGGATACCCTTCCCTTTTCTGGTATGTCCAATATCCTGGAGAAGGTCTACAGCTCCTCCTGAAAGCCACGAAGGCTGATGACAAGGGAAGCAACAAAGGTTTTGAAGCCACATACCGTAAGGAAACCACTTCTTTCCACTTGGAGAAAGGCTCAGTTCAAGTGTCAGACTCAGCGGTGTACTTCTGTGCTCTGAGTGATTACAGTGGTACTAGCTATGGAAAGCTGACATTTGGACAAGGGACCATCTTGACTGTCCATCCAA-3,CASSLIPYNEQFF,CALSDYSGTSYGKLTF,TRBV11-2,TRAV9-2,TRBJ2-1,TRAJ52,consensus:lib24657:lib24682:lib24686:lib24707,consensus:lib24682:lib24686:lib24707,GADp15,NA,weak,GAD,HC_weak
P91-44,HC12,HC,no binder,GAGACTGGAGTCACCCAAAGTCCCACACACCTGATCAAAACGAGAGGACAGCAAGTGACTCTGAGATGCTCTTCTCAGTCTGGGCACAACACTGTGTCCTGGTACCAACAGGCCCTGGGTCAGGGGCCCCAGTTTATCTTTCAGTATTATAGGGAGGAAGAGAATGGCAGAGGAAACTTCCCTCCTAGATTCTCAGGTCTCCAGTTCCCTAATTATAGCTCTGAGCTGAATGTGAACGCCTTGGAGCTGGACGACTCGGCCCTGTATCTCTGTGCCAGCAGCTTGCGTGGCACCGGGGAGCTGTTTTTTGGAGAAGGCTCTAGGCTGACCGTACTGG,CAGCAGCAGGTGAAACAAAGTCCTCAATCTTTGATAGTCCAGAAAGGAGGGATTTCAATTATAAACTGTGCTTATGAGAACACTGCGTTTGACTACTTTCCATGGTACCAACAATTCCCTGGGAAAGGCCCTGCATTATTGATAGCCATACGTCCAGATGTGAGTGAAAAGAAAGAAGGAAGATTCACAATCTCCTTCAATAAAAGTGCCAAGCAGTTCTCATTGCATATCATGGATTCCCAGCCTGGAGACTCAGCCACCTACTTCTGTGCAGCAAGCAGGATAGATAGCAACTATCAGTTAATCTGGGGCGCTGGGACCAAGCTAATTATAAAGCCAG-2,CASSLRGTGELFF,CAASRIDSNYQLIW,TRBV5-4,TRAV23DV6,TRBJ2-2,TRAJ33,consensus:lib24661:lib24667:lib24679:lib24691,consensus:lib24661:lib24679,none,NA,na,none,HC_na
P91-46,HC13,HC,no binder,GAAGCTGGAGTGGTTCAGTCTCCCAGATATAAGATTATAGAGAAAAAACAGCCTGTGGCTTTTTGGTGCAATCCTATTTCTGGCCACAATACCCTTTACTGGTACCTGCAGAACTTGGGACAGGGCCCGGAGCTTCTGATTCGATATGAGAATGAGGAAGCAGTAGACGATTCACAGTTGCCTAAGGATCGATTTTCTGCAGAGAGGCTCAAAGGAGTAGACTCCACTCTCAAGATCCAGCCTGCAGAGCTTGGGGACTCGGCCGTGTATCTCTGTGCCAGCAGCGAGGCGGCAGGCCCCCCCGGGGAGCTGTTTTTTGGAGAAGGCTCTAGGCTGACCGTACTGG,GGAAATTCAGTGACCCAGATGGAAGGGCCAGTGACTCTCTCAGAAGAGGCCTTCCTGACTATAAACTGCACGTACACAGCCACAGGATACCCTTCCCTTTTCTGGTATGTCCAATATCCTGGAGAAGGTCTACAGCTCCTCCTGAAAGCCACGAAGGCTGATGACAAGGGAAGCAACAAAGGTTTTGAAGCCACATACCGTAAAGAAACCACTTCTTTCCACTTGGAGAAAGGCTCAGTTCAAGTGTCAGACTCAGCGGTGTACTTCTGTGCTCTGAGGCATAACACCAATGCAGGCAAATCAACCTTTGGGGATGGGACTACGCTCACTGTGAAGCCAA-6,CASSEAAGPPGELFF,CALRHNTNAGKSTF,TRBV11-3,TRAV9-2,TRBJ2-2,TRAJ27,consensus:lib24728:lib24734:lib24748:lib24756:lib24759:lib24760:lib24765,consensus:lib24728:lib24748:lib24756:lib24759:lib24760:lib24765,none,NA,na,none,HC_na
P91-46,HC13,HC,no binder,GACGCTGGAGTCACCCAAAGTCCCACACACCTGATCAAAACGAGAGGACAGCAAGTGACTCTGAGATGCTCTCCTAAGTCTGGGCATGACACTGTGTCCTGGTACCAACAGGCCCTGGGTCAGGGGCCCCAGTTTATCTTTCAGTATTATGAGGAGGAAGAGAGACAGAGAGGCAACTTCCCTGATCGATTCTCAGGTCACCAGTTCCCTAACTATAGCTCTGAGCTGAATGTGAACGCCTTGTTGCTGGGGGACTCGGCCCTCTATCTCTGTGCCAGCAGCTTAGCCAGCGGATACTACGAGCAGTACTTCGGGCCGGGCACCAGGCTCACGGTCACAG,GATGCTAAGACCACACAGCCAAATTCAATGGAGAGTAACGAAGAAGAGCCTGTTCACTTGCCTTGTAACCACTCCACAATCAGTGGAACTGATTACATACATTGGTATCGACAGCTTCCCTCCCAGGGTCCAGAGTACGTGATTCATGGTCTTACAAGCAATGTGAACAACAGAATGGCCTCTCTGGCAATCGCTGAAGACAGAAAGTCCAGTACCTTGATCCTGCACCGTGCTACCTTGAGAGATGCTGCTGTGTACTACTGCATCCTGAGAAGGTACTCAGGAACCTACAAATACATCTTTGGAACAGGCACCAGGCTGAAGGTTTTAGCAA-4,CASSLASGYYEQYF,CILRRYSGTYKYIF,TRBV5-6,TRAV26-2,TRBJ2-7,TRAJ40,consensus:lib24724:lib24727:lib24738:lib24750,consensus:lib24724:lib24727:lib24738:lib24750,none,NA,na,none,HC_na
P91-47:P91-48,T1D11,T1D,no binder,GGAGCTGGAGTCTCCCAGTCCCCCAGTAACAAGGTCACAGAGAAGGGAAAGGATGTAGAGCTCAGGTGTGATCCAATTTCAGGTCATACTGCCCTTTACTGGTACCGACAGAGCCTGGGGCAGGGCCTGGAGTTTTTAATTTACTTCCAAGGCAACAGTGCACCAGACAAATCAGGGCTGCCCAGTGATCGCTTCTCTGCAGAGAGGACTGGGGGATCCGTCTCCACTCTGACGATCCAGCGCACACAGCAGGAGGACTCAGCCGTGTATCTCTGTGCCAGCAGCTTAGATGCAGGGAGGAACTCACCCCTCCACTTTGGGAACGGGACCAGGCTCACTGTGACAG,GCCCAGTCAGTGACCCAGCCTGACATCCACATCACTGTCTCTGAAGGAGCCTCACTGGAGTTGAGATGTAACTATTCCTATGGGGCAACACCTTATCTCTTCTGGTATGTCCAGTCCCCCGGCCAAGGCCTCCAGCTGCTCCTGAAGTACTTTTCAGGAGACACTCTGGTTCAAGGCATTAAAGGCTTTGAGGCTGAATTTAAGAGGAGTCAATCTTCCTTCAATCTGAGGAAACCCTCTGTGCATTGGAGTGATGCTGCTGAGTACTTCTGTGCTGTGGCCCGGACTGCAAGGCAACTGACCTTTGGATCTGGGACACAATTGACTGTTTTACCTG-21:CGGAAGGAGGTGGAGCAGGATCCTGGACCCTTCAATGTTCCAGAGGGAGCCACTGTCGCTTTCAACTGTACTTACAGCAACAGTGCTTCTCAGTCTTTCTTCTGGTACAGACAGGATTGCAGGAAAGAACCTAAGTTGCTGATGTCCGTATACTCCAGTGGTAATGAAGATGGAAGGTTTACAGCACAGCTCAATAGAGCCAGCCAGTATATTTCCCTGCTCATCAGAGACTCCAAGCTCAGTGATTCAGCCACCTACCTCTGTGTGGTGAACGACCAGGCAGGAACTGCTCTGATCTTTGGGAAGGGAACCACCTTATCAGTGAGTTCCA-21,CASSLDAGRNSPLHF,CVVNDQAGTALIF,TRBV7-2,TRAV12-1,TRBJ1-6,TRAJ15,lib24520,lib24520,none,NA,na,none,T1D_na
P91-47:P91-48,T1D11,T1D,no bindeer,GGAGCTGGAGTCTCCCAGTCCCCCAGTAACAAGGTCACAGAGAAGGGAAAGGATGTAGAGCTCAGGTGTGATCCAATTTCAGGTCATACTGCCCTTTACTGGTACCGACAGAGCCTGGGGCAGGGCCTGGAGTTTTTAATTTACTTCCAAGGCAACAGTGCACCAGACAAATCAGGGCTGCCCAGTGATCGCTTCTCTGCAGAGAGGACTGGGGGATCCGTCTCCACTCTGACGATCCAGCGCACACAGCAGGAGGACTCAGCCGTGTATCTCTGTGCCAGCAGCTTAGATGCAGGGAGGAACTCACCCCTCCACTTTGGGAACGGGACCAGGCTCACTGTGACAG,GCCCAGTCAGTGACCCAGCCTGACATCCACATCACTGTCTCTGAAGGAGCCTCACTGGAGTTGAGATGTAACTATTCCTATGGGGCAACACCTTATCTCTTCTGGTATGTCCAGTCCCCCGGCCAAGGCCTCCAGCTGCTCCTGAAGTACTTTTCAGGAGACACTCTGGTTCAAGGCATTAAAGGCTTTGAGGCTGAATTTAAGAGGAGTCAATCTTCCTTCAATCTGAGGAAACCCTCTGTGCATTGGAGTGATGCTGCTGAGTACTTCTGTGCTGTGGCCCGGACTGCAAGGCAACTGACCTTTGGATCTGGGACACAATTGACTGTTTTACCTG-21:CGGAAGGAGGTGGAGCAGGATCCTGGACCCTTCAATGTTCCAGAGGGAGCCACTGTCGCTTTCAACTGTACTTACAGCAACAGTGCTTCTCAGTCTTTCTTCTGGTACAGACAGGATTGCAGGAAAGAACCTAAGTTGCTGATGTCCGTATACTCCAGTGGTAATGAAGATGGAAGGTTTACAGCACAGCTCAATAGAGCCAGCCAGTATATTTCCCTGCTCATCAGAGACTCCAAGCTCAGTGATTCAGCCACCTACCTCTGTGTGGTGAACGACCAGGCAGGAACTGCTCTGATCTTTGGGAAGGGAACCACCTTATCAGTGAGTTCCA-21,CASSLDAGRNSPLHF,CAVARTARQLTF,TRBV7-2,TRAV8-3,TRBJ1-6,TRAJ22,lib24520,lib24520,none,NA,na,none,T1D_na
NA,HC6,HC,no binder,ATCAACGCAGAGTACATGGGGGACCCTGCCATGGGCACCAGCCTCCTCTGCTGGATGGCCCTGTGTCTCCTGGGGGCAGATCACGCAGATACTGGAGTCTCCCAGGACCCCAGACACAAGATCACAAAGAGGGGACAGAATGTAACTTTCAGGTGTGATCCAATTTCTGAACACAACCGCCTTTATTGGTACCGACAGACCCTGGGGCAGGGCCCAGAGTTTCTGACTTACTTCCAGAATGAAGCTCAACTAGAAAAATCAAGGCTGCTCAGTGATCGGTTCTCTGCAGAGAGGCCTAAGGGATCTTTCTCCACCTTGGAGATCCAGCGCACAGAGCAGGGGGACTCGGCCATGTATCTCTGTGCCAGCAGCTTACAGGGGGCTAATGAAAAACTGTTTTTTGGCAGTGGAACCCAGCTCTCTGTCTTGGAGGACCTGAACAAGGTGTTCCCACCCGAGGTCGCTGTGTTTGAGCCATCAGAAGCAGAGATCTCCCACACCCAAAAGGCCACACTGGTGTGCCTGGCCACAGGCTTCTTCCCTGACCACGTGGAGCTGAGCTGGTGGGTGACTGGGAAGGAGGTGCACAGTGGGGTCAGCACGGACCCGCAGCCCCTCAAGGAGCAGCCCGCCCTCAATGACTCCAGATACTGCCTGAGCAGCCGCCTGAGGGTCTCGGCCACCTTCTGGCAGAACCCCCGCAACCACTTCCGCTGTCAAGTCCAGTTCTACGGGCTCTCGGAGAATGACGAGTGGACCCAGGATAGGGCCAAACCCGTCACCCAGATCGTCAGCGCCGAGGCCTGGGGTAGAGCAGACTGTGGCTTTACCTCGGTGTCCTACCAGCAAGGGGTCCTGTCTGCCACCATCCTCTATGAGATCCTGCTAGGGAAGGCCACCCTGTATGCTGTGCTGGTCAGCGCCCTTGTGTTGATGGCCATGGTCAAGAGAAAGGATTTCTGAAGGCAGCCCTGGAAGTGGAGTTAGGAGCTTCTAACCCGTCATGGTTTCAATACACATTCTTCTTTTGCCAGCGCTTCTGAAGAGCTGCTCTCACCTCTCTGCATCCCAATAGATATCCCCCTATGTGCATGCACACCTGCACACTCACGGCTGAAATCTCCCTAACCCAGGGGGACCTTAGCATGCCTAAGTGACTAAACCAATAAAAATGTTCTGGTCTGGCCTAAAAAAAAAAAAAAAAAAAAAAAAAAAAAAAAAAAAAAAAAA,ATGGCTGGAGATTGCAGGTTTATGACTGATCCTATTTGGGAAGAACAATGATGGCAGGCATTCGAGTTTTATTTATGTACTTGTGGCTGCAGCTGGACTGGGTGAGCAGAGGAGAGAGTGTGGGGCTGCATCTTCCTACCCTGAGTGTCCAGGAGGGTGACAACTCTATTATCAACTGTGCTTATTCAAACAGCGCCTCAGACTACTTCATTTGGTACAAGCAAGAATCTGGAAAAGGTCCTCAATTCATTATAGACATTCGTTCAAATATGGACAAAAGGCAAGGCCAAAGAGTCACCGTTTTATTGAATAAGACAGTGAAACATCTCTCTCTGCAAATTGCAGCTACTCAACCTGGAGACTCAGCTGTCTACTTTTGTGCAGAGACCCCCGATGACAAGATCATCTTTGGAAAAGGGACACGACTTCATATTCTCCCCAATATCCAGAACCCTGACCCTGCCGTGTACCAGCTGAGAGACTCTAAATCCAGTGACAAGTCTGTCTGCCTATTCACCGATTTTGATTCTCAAACAAATGTGTCACAAAGTAAGGATTCTGATGTGTATATCACAGACAAAACTGTGCTAGACATGAGGTCTATGGACTTCAAGAGCAACAGTGCTGTGGCCTGGAGCAACAAATCTGACTTTGCATGTGCAAACGCCTTCAACAACAGCATTATTCCAGAAGACACCTTCTTCCCCAGCCCAGAAAGTTCCTGTGATGTCAAGCTGGTCGAGAAAAGCTTTGAAACAGATACGAACCTAAACTTTCAAAACCTGTCAGTGATTGGGTTCCGAATCCTCCTCCTGAAAGTGGCCGGGTTTAATCTGCTCATGACGCTGCGGCTGTGGTCCAGCTGAGATCTGCAAGATTGTAAGACAGCCTGTGCTCCCTCGCTCCTTCCTCTGCATTGCCCCTCTTCTCCCTCTCCAAACAGAGGGAACTCTCCTACCCCCAAGGAGGTGAAAGCTGCTACCACCTCTGTGCCCCC,CASSLQGANEKLFF,CAETPDDKIIF,TRBV7-9,TRAV13-2,TRBJ1-4,TRAJ30,NA,NA,none,NA,na,none,HC_na
NA,HC10,HC,no binder,AGGAGGACCAAGCCCTGAGCACAGACACAGTGCTGCCTGCCCCTTTGTGCCATGGGCTCCAGGCTGCTCTGTTGGGTGCTGCTTTGTCTCCTGGGAGCAGGCCCAGTAAAGGCTGGAGTCACTCAAACTCCAAGATATCTGATCAAAACGAGAGGACAGCAAGTGACACTGAGCTGCTCCCCTATCTCTGGGCATAGGAGTGTATCCTGGTACCAACAGACCCCAGGACAGGGCCTTCAGTTCCTCTTTGAATACTTCAGTGAGACACAGAGAAACAAAGGAAACTTCCCTGGTCGATTCTCAGGGCGCCAGTTCTCTAACTCTCGCTCTGAGATGAATGTGAGCACCTTGGAGCTGGGGGACTCGGCCCTTTATCTTTGCGCCAGCAGCTTCACGGAGGGGAACACTGAAGCTTTCTTTGGACAAGGCACCAGACTCACAGTTGTAGAGGACCTGAACAAGGTGTTCCCACCCGAGGTCGCTGTGTTTGAGCCATCAGAAGCAGAGATCTCCCACACCCAAAAGGCCACACTGGTGTGCCTGGCCACAGGCTTCTTCCCTGACCACGTGGAGCTGAGCTGGTGGGTGAATGGGAAGGAGGTGCACAGTGGGGTCAGCACGGACCCGCAGCCCCTCAAGGAGCAGCCCGCCCTCAATGACTCCAGATACTGCCTGAGCAGCCGCCTGAGGGTCTCGGCCACCTTCTGGCAGAACCCCCGCAACCACTTCCGCTGTCAAGTCCAGTTCTACGGGCTCTCGGAGAATGACGAGTGGACCCAGGATAGGGCCAAACCCGTCACCCAGATCGTCAGCGCCGAGGCCTGGGGTAGAGCAGACTGTGGCTTTACCTCGGTGTCCTACCAGCAAGGGGTCCTGTCTGCCACCATCCTCTATGAGATCCTGCTAGGGAAGGCCACCCTGTATGCTGTGCTGGTCAGCGCCCTTGTGTTGATGGCCATGGTCAAGAGAAAGGATTTCTGAAGGCAGCCCTGGAAGTGGAGTTAGGAGCTTCTAACCCGTCATGGTTTCAATACACATTCTTCTTTTGCCAGCGCTTCTGAAGAGCTGCTCTCACCTCTCTGCATCCCAATAGATATCCCCCTATGTGCATGCACACCTGCACACTCACGGCTGAAATCTCCCTAACCCAGGGGGACCTTAGCATGCCTAAGTGACTAAACCAATAAAAATGTTCTGGTCTGGCCT,GAGGGTGAATTTACAGAGTTTCAGCTGGTTGGGAAGACTGGAAGACCACCTGGGCTGTCATTGAGCTCTGGTGCCAGGAGGAATGGACAAGATCTTAGGAGCATCATTTTTAGTTCTGTGGCTTCAACTATGCTGGGTGAGTGGCCAACAGAAGGAGAAAAGTGACCAGCAGCAGGTGAAACAAAGTCCTCAATCTTTGATAGTCCAGAAAGGAGGGATTTCAATTATAAACTGTGCTTATGAGAACACTGCGTTTGACTACTTTCCATGGTACCAACAATTCCCTGGGAAAGGCCCTGCATTATTGATAGCCATACGTCCAGATGTGAGTGAAAAGAAAGAAGGAAGATTCACAATCTCCTTCAATAAAAGTGCCAAGCAGTTCTCATTGCATATCATGGATTCCCAGCCTGGAGACTCAGCCACCTACTTCTGTGCAGCAAGCAACCCCGACTACAAGCTCAGCTTTGGAGCCGGAACCACAGTAACTGTAAGAGCAAATATCCAGAACCCTGACCCTGCCGTGTACCAGCTGAGAGACTCTAAATCCAGTGACAAGTCTGTCTGCCTATTCACCGATTTTGATTCTCAAACAAATGTGTCACAAAGTAAGGATTCTGATGTGTATATCACAGACAAAACTGTGCTAGACATGAGGTCTATGGACTTCAAGAGCAACAGTGCTGTGGCCTGGAGCAACAAATCTGACTTTGCATGTGCAAACGCCTTCAACAACAGCATTATTCCAGAAGACACCTTCTTCCCCAGCCCAGAAAGTTCCTGTGATGTCAAGCTGGTCGAGAAAAGCTTTGAAACAGATACGAACCTAAACTTTCAAAACCTGTCAGTGATTGGGTTCCGAATCCTCCTCCTGAAAGTGGCCGGGTTTAATCTGCTCATGACGCTGCGGCTGTGGTCCAGCTGAGATCTGCAAGATTGTAAGACAGCCTGTGCTCCCTCGCTCCTTCCTCTGCATTGCCCCTCTTCTCCCTCTCCAAACAGAGGGAACTCTCCCACCCCCAAGGAGGTGAAAGCTGCTACCACCTCTGTGCCCCCCCGGCAATGCCACCAACTGGATCCTACCCGAATTTATGATTAAGATTGCTGAAGAGCTGCCAAACACTGCTGCCACCCCCTCTGTTCCCTTATTGCTGCTTGTCACTGCCTGACATTCACGGCAGAGGCAAGGCTGCTGCAGCCTCCCCTGGCTGTGCACATTCCCTCCTGCTCCCCAGAGACTGCCTCCGCCATCCCACAGATGATGGATCTTCAGTGGGTTCTCTTGGGCTCTAGGTCCTGGAGAATGTTGTGAGGGGTTTATTTTTTTTTAATAGTGTTCATAAAGAAATACATAGTATTCTTCTTCTCAAGACGTGGGGGGAAATTATCTCATTATCGAGGCCCTGCTATGCTGTGTGTCTGGGCGTGTTGTATGTCCTGCTGCCGATGCCTTCATTAAAATGATTTGGAAGACCAAAAAAAAAAAAAAAAAAAAAAA,CASSFREGNTEAFF,CAASNPDYKLSF,TRBV5-2,TRAV23,TRBJ1-4,TRAJ20,NA,NA,none,NA,na,none,HC_na
NA,T1D2,T1D,IGRP39,AATGCTGGTGTCACTCAGACCCCAAAATTCCGCATCCTGAAGATAGGACAGAGCATGACACTGCAGTGTACCCAGGATATGAACCATAACTACATGTACTGGTATCGACAAGACCCAGGCATGGGGCTGAAGCTGATTTATTATTCAGTTGGTGCTGGTATCACTGATAAAGGAGAAGTCCCGAATGGCTACAACGTCTCCAGATCAACCACAGAGGATTTCCCGCTCAGGCTGGAGTTGGCTGCTCCCTCCCAGACATCTGTGTACTTCTGTGCCAGCAGTCCGTGGGGGGCAGGCGGCACAGATACGCAGTATTTTGGCCCAGGCACCCGGCTGACAGTGCTCG,GACCAGCAAGTTAAGCAAAATTCACCATCCCTGAGCGTCCAGGAAGGAAGAATTTCTATTCTGAACTGTGACTATACTAACAGCATGTTTGATTATTTCCTATGGTACAAAAAATACCCTGCTGAAGGTCCTACATTCCTGATATCTATAAGTTCCATTAAGGATAAAAATGAAGATGGAAGATTCACTGTCTTCTTAAACAAAAGTGCCAAGCACCTCTCTCTGCACATTGTGCCCTCCCAGCCTGGAGACTCTGCAGTGTACTTCTGTGCAGCAACCCGTACCTCAGGAACCTACAAATACATCTTTGGAACAGGCACCAGGCTGAAGGTTTTAGCAA,CASVGSGTDTQYF,CAATRTSGTYKYIF,TRBV6-6,TRAV29,TRBJ2,TRAJ26,NA,NA,IGRP39,NA,moderate,IGRP,T1D_moderate
P91-11,T1D5-1,T1D,IGRP39,ACTTACAGGCGGCCGCCATGGGCTGCAGGCTGCTCTGCTGTGCGGTTCTCTGTCTCCTGGGAGCGGTCCCCATGGAAACGGGAGTTACGCAGACACCAAGACACCTGGTCATGGGAATGACAAATAAGAAGTCTTTGAAATGTGAACAACATCTGGGTCATAACGCTATGTATTGGTACAAGCAAAGTGCTAAGAAGCCACTGGAGCTCATGTTTGTCTACAGTCTTGAAGAACGGGTTGAAAACAACAGTGTGCCAAGTCGCTTCTCACCTGAATGCCCCAACAGCTCTCACTTATTCCTTCACCTACACACCCTGCAGCCAGAAGACTCGGCCCTGTATCTCTGCGCCAGCAGCCAAGAAGTAGGTACAGTCCCCAATCAGCCCCAGCATTTTGGTGATGGGACTCGACTCTCCATCCTAGAAGATCTACGTAACGTGAC,CTGTGGCTGCAATTGTCGTGGGTCTGGAGCCAAGGACAACAGGTAATGCAAATTCCTCAGTACCAGCATGTACAAGAAGGAGAGGACTTCACCACGTACTGCAATTCCTCAACTACTTTAAGCAATATACAGTGGTATAAGCAAAGGCCTGGTGGACATCCCGTTTTTTTGATACAGTTAGTGAAGAGTGGAGAAGTGAAGAAGCAGAAAAGACTGACATTTCAGTTTGGAGAAGCAAAAAAGAACAGCTCCCTGCACATCACAGCCACCCAGACTACAGATGTAGGAACCTACTTCTGTGCAGGTCAAACTGGGGCAAACAACCTCTTCTTTGGGACTGGAACGAGACTCACCGTTATTCCCGACATTCAGAACCCGGAACCGGCTGTATACCAGCTG,CASSQEVGTVPNQPQHF,CAGQTGANNLFF,TRBV4-3,TRAV25,TRBJ1-5,TRAJ36,NA,NA,IGRP39,NA,moderate,IGRP,T1D_moderate
P91-11,T1D5-2,T1D,IGRP39,ACTTACAGGCGGCCGCCATGGGCACCAGCCTCCTCTGCTGGATGGCCCTGTGTCTCCTGGGGGCAGATCACGCAGATACTGGAGTCTCCCAGGACCCCAGACACAAGATCACAAAGAGGGGACAGAATGTAACTTTCAGGTGTGATCCAATTTCTGAACACAACCGCCTTTATTGGTACCGACAGACCCTGGGGCAGGGCCCAGAGTTTCTGACTTACTTCCAGAATGAAGCTCAACTAGAAAAATCAAGGCTGCTCAGTGATCGGTTCTCTGCAGAGAGGCCTAAGGGATCTTTCTCCACCTTGGAGATCCAGCGCACAGAGCAGGGGGACTCGGCCATGTATCTCTGTGCCAGCAGCTTCGGCAGCTCTTACTATGGCTACACCTTCGGTTCGGGGACCAGGTTAACCGTTGTAGAAGATCTACGTAACGTGAC,CTGTGGCTGCAATTGTCGTGGGTCTGGAGCCAAGATGCTAAGACCACACAGCCAAATTCAATGGAGAGTAACGAAGAAGAGCCTGTTCACTTGCCTTGTAACCACTCCACAATCAGTGGAACTGATTACATACATTGGTATCGACAGCTTCCCTCCCAGGGTCCAGAGTACGTGATTCATGGTCTTACAAGCAATGTGAACAACAGAATGGCCTCTCTGGCAATCGCTGAAGACAGAAAGTCCAGTACCTTGATCCTGCACCGTGCTACCTTGAGAGATGCTGCTGTGTACTACTGCATCCTGAGAGACACTATATCTAACTTTGGAAATGAGAAATTAACCTTTGGGACTGGAACAAGACTCACCATCATACCCGACATTCAGAACCCGGAACCGGCTGTATACCAGCTG,CASSFGSSYYGYTF,CILRDTISNFGNEKLTF,TRBV7-9,TRAV26-2,TRBJ1-2,TRAJ48,NA,NA,IGRP39,NA,moderate,IGRP,T1D_moderate
P91-33,T1D8,T1D,glucosylseramide,TCACTTACAGGCGGCCGCCATGACTATCAGGCTCCTCTGCTACATGGGCTTTTATTTTCTGGGGGCAGGCCTCATGGAAGCTGACATCTACCAGACCCCAAGATACCTTGTTATAGGGACAGGAAAGAAGATCACTCTGGAATGTTCTCAAACCATGGGCCATGACAAAATGTACTGGTATCAACAAGATCCAGGAATGGAACTACACCTCATCCACTATTCCTATGGAGTTAATTCCACAGAGAAGGGAGATCTTTCCTCTGAGTCAACAGTCTCCAGAATAAGGACGGAGCATTTTCCCCTGACCCTGGAGTCTGCCAGGCCCTCACATACCTCTCAGTACCTCTGTGCCAGCAGTGAGGGAGTCACGGCCCCGGGACTAGCGGGACCCTACGAGCAGTACTTCGGGCCGGGCACCAGGCTCACGGTCACAGAGGACCTACGTAACGTGAC,TGTGGCTGCAATTGTCGTGGGTCTGGAGCCAAAAAAACCAAGTGGAGCAGAGTCCTCAGTCCCTGATCATCCTGGAGGGAAAGAACTGCACTCTTCAATGCAATTATACAGTGAGCCCCTTCAGCAACTTAAGGTGGTATAAGCAAGATACTGGGAGAGGTCCTGTTTCCCTGACAATCATGACTTTCAGTGAGAACACAAAGTCGAACGGAAGATATACAGCAACTCTGGATGCAGACACAAAGCAAAGCTCTCTGCACATCACAGCCTCCCAGCTCAGCGATTCAGCCTCCTACATCTGTGTGGTGAGCGACAGAGGCTCAACCCTGGGGAGGCTATACTTTGGAAGAGGAACTCAGTTGACTGTCTGGCCTGACATTCAGAACCCGGAACCGGCTGTATACCAGCTGA,CASSEGVTAPGLAGPYEQYF,CVVSDRGSTLGRLYF,TRBV25-1,TRAV10,TRBJ2-7,TRAJ18,NA,NA,glucosylseramide,NA,na,glucosylseramide,T1D_na
P91-10,T1D4,T1D,IGRP31,AAGGCTGGAGTCACTCAAACTCCAAGATATCTGATCAAAACGAGAGGACAGCAAGTGACACTGAGCTGCTCCCCTATCTCTGGGCATAGGAGTGTATCCTGGTACCAACAGACCCCAGGACAGGGCCTTCAGTTCCTCTTTGAATACTTCAGTGAGACACAGAGAAACAAAGGAAACTTCCCTGGTCGATTCTCAGGGCGCCAGTTCTCTAACTCTCGCTCTGAGATGAATGTGAGCACCTTGGAGCTGGGGGACTCGGCCCTTTATCTTTGCGCCAGCAGCTTGGCATTGGGTCAGGGTAATCAGCAGTTCTTCGGGCCAGGGACACGGCTCACCGTGCTAG,AAGGACCAAGTGTTTCAGCCTTCCACAGTGGCATCTTCAGAGGGAGCTGTGGTGGAAATCTTCTGTAATCACTCTGTGTCCAATGCTTACAACTTCTTCTGGTACCTTCACTTCCCGGGATGTGCACCAAGACTCCTTGTTAAAGGCTCAAAGCCTTCTCAGCAGGGACGATACAACATGACCTATGAACGGTTCTCTTCATCGCTGCTCATCCTCCAGGTGCGGGAGGCAGATGCTGCTGTTTACTACTGTGCTGTGGAGGATCTCAACCAGGCAGGAACTGCTCTGATCTTTGGGAAGGGAACCACCTTATCAGTGAGTTCCA,CASSLALGQGNQQFF,CAVEDLNQAGTALIF,TRBV5-1,TRAV2,TRBJ2-1,TRAJ15,NA,NA,IGRP31,NA,moderate,IGRP,T1D_moderate